Domain Code,Domain,Area Code (M49),Area,Element Code,Element,Item Code (CPC),Item,Year Code,Year,Unit,Value,Flag,Flag Description,Note
QCL,Crops and livestock products,004,Afghanistan,5111,Stocks,02121.01,Camels,2023,2023,An,167537,I,Imputed value,
QCL,Crops and livestock products,004,Afghanistan,5111,Stocks,02111,Cattle,2023,2023,An,5597758,E,Estimated value,
QCL,Crops and livestock products,004,Afghanistan,5111,Stocks,02123,Goats,2023,2023,An,8038813,E,Estimated value,
QCL,Crops and livestock products,004,Afghanistan,5111,Stocks,02122,Sheep,2023,2023,An,12239176,I,Imputed value,
QCL,Crops and livestock products,008,Albania,5111,Stocks,02112,Buffalo,2023,2023,An,0,A,Official figure,
QCL,Crops and livestock products,008,Albania,5111,Stocks,02111,Cattle,2023,2023,An,263385,A,Official figure,
QCL,Crops and livestock products,008,Albania,5111,Stocks,02123,Goats,2023,2023,An,640242,A,Official figure,
QCL,Crops and livestock products,008,Albania,5111,Stocks,02122,Sheep,2023,2023,An,1206206,A,Official figure,
QCL,Crops and livestock products,008,Albania,5111,Stocks,02140,Swine / pigs,2023,2023,An,114833,A,Official figure,
QCL,Crops and livestock products,012,Algeria,5111,Stocks,02121.01,Camels,2023,2023,An,439134,E,Estimated value,
QCL,Crops and livestock products,012,Algeria,5111,Stocks,02111,Cattle,2023,2023,An,1806339,I,Imputed value,
QCL,Crops and livestock products,012,Algeria,5111,Stocks,02123,Goats,2023,2023,An,5105938,I,Imputed value,
QCL,Crops and livestock products,012,Algeria,5111,Stocks,02122,Sheep,2023,2023,An,31816014,I,Imputed value,
QCL,Crops and livestock products,012,Algeria,5111,Stocks,02140,Swine / pigs,2023,2023,An,4670,E,Estimated value,
QCL,Crops and livestock products,024,Angola,5111,Stocks,02111,Cattle,2023,2023,An,5181346,I,Imputed value,
QCL,Crops and livestock products,024,Angola,5111,Stocks,02123,Goats,2023,2023,An,4392558,E,Estimated value,
QCL,Crops and livestock products,024,Angola,5111,Stocks,02122,Sheep,2023,2023,An,1167257,E,Estimated value,
QCL,Crops and livestock products,024,Angola,5111,Stocks,02140,Swine / pigs,2023,2023,An,3591236,E,Estimated value,
QCL,Crops and livestock products,028,Antigua and Barbuda,5111,Stocks,02111,Cattle,2023,2023,An,3813,I,Imputed value,
QCL,Crops and livestock products,028,Antigua and Barbuda,5111,Stocks,02123,Goats,2023,2023,An,27180,I,Imputed value,
QCL,Crops and livestock products,028,Antigua and Barbuda,5111,Stocks,02122,Sheep,2023,2023,An,8508,I,Imputed value,
QCL,Crops and livestock products,028,Antigua and Barbuda,5111,Stocks,02140,Swine / pigs,2023,2023,An,5126,I,Imputed value,
QCL,Crops and livestock products,032,Argentina,5111,Stocks,02111,Cattle,2023,2023,An,54242595,A,Official figure,
QCL,Crops and livestock products,032,Argentina,5111,Stocks,02123,Goats,2023,2023,An,4127245,A,Official figure,
QCL,Crops and livestock products,032,Argentina,5111,Stocks,02122,Sheep,2023,2023,An,12609460,A,Official figure,
QCL,Crops and livestock products,032,Argentina,5111,Stocks,02140,Swine / pigs,2023,2023,An,5887401,A,Official figure,
QCL,Crops and livestock products,051,Armenia,5111,Stocks,02112,Buffalo,2023,2023,An,542,A,Official figure,
QCL,Crops and livestock products,051,Armenia,5111,Stocks,02111,Cattle,2023,2023,An,501862,A,Official figure,
QCL,Crops and livestock products,051,Armenia,5111,Stocks,02123,Goats,2023,2023,An,20561,A,Official figure,
QCL,Crops and livestock products,051,Armenia,5111,Stocks,02122,Sheep,2023,2023,An,680410,A,Official figure,
QCL,Crops and livestock products,051,Armenia,5111,Stocks,02140,Swine / pigs,2023,2023,An,180805,A,Official figure,
QCL,Crops and livestock products,036,Australia,5111,Stocks,02112,Buffalo,2023,2023,An,,M,"Missing value (data cannot exist, not applicable)",
QCL,Crops and livestock products,036,Australia,5111,Stocks,02111,Cattle,2023,2023,An,29878186,A,Official figure,
QCL,Crops and livestock products,036,Australia,5111,Stocks,02123,Goats,2023,2023,An,4116926,I,Imputed value,
QCL,Crops and livestock products,036,Australia,5111,Stocks,02122,Sheep,2023,2023,An,72102519,I,Imputed value,
QCL,Crops and livestock products,036,Australia,5111,Stocks,02140,Swine / pigs,2023,2023,An,2470138,I,Imputed value,
QCL,Crops and livestock products,040,Austria,5111,Stocks,02111,Cattle,2023,2023,An,1835470,A,Official figure,
QCL,Crops and livestock products,040,Austria,5111,Stocks,02123,Goats,2023,2023,An,96940,A,Official figure,
QCL,Crops and livestock products,040,Austria,5111,Stocks,02122,Sheep,2023,2023,An,391870,A,Official figure,
QCL,Crops and livestock products,040,Austria,5111,Stocks,02140,Swine / pigs,2023,2023,An,2516460,A,Official figure,
QCL,Crops and livestock products,031,Azerbaijan,5111,Stocks,02112,Buffalo,2023,2023,An,108093,A,Official figure,
QCL,Crops and livestock products,031,Azerbaijan,5111,Stocks,02121.01,Camels,2023,2023,An,361,A,Official figure,
QCL,Crops and livestock products,031,Azerbaijan,5111,Stocks,02111,Cattle,2023,2023,An,2399626,A,Official figure,
QCL,Crops and livestock products,031,Azerbaijan,5111,Stocks,02123,Goats,2023,2023,An,419905,A,Official figure,
QCL,Crops and livestock products,031,Azerbaijan,5111,Stocks,02122,Sheep,2023,2023,An,6640708,A,Official figure,
QCL,Crops and livestock products,031,Azerbaijan,5111,Stocks,02140,Swine / pigs,2023,2023,An,4828,A,Official figure,
QCL,Crops and livestock products,044,Bahamas,5111,Stocks,02111,Cattle,2023,2023,An,776,I,Imputed value,
QCL,Crops and livestock products,044,Bahamas,5111,Stocks,02123,Goats,2023,2023,An,15122,I,Imputed value,
QCL,Crops and livestock products,044,Bahamas,5111,Stocks,02122,Sheep,2023,2023,An,6603,I,Imputed value,
QCL,Crops and livestock products,044,Bahamas,5111,Stocks,02140,Swine / pigs,2023,2023,An,5024,I,Imputed value,
QCL,Crops and livestock products,048,Bahrain,5111,Stocks,02121.01,Camels,2023,2023,An,3237,I,Imputed value,
QCL,Crops and livestock products,048,Bahrain,5111,Stocks,02111,Cattle,2023,2023,An,6955,I,Imputed value,
QCL,Crops and livestock products,048,Bahrain,5111,Stocks,02123,Goats,2023,2023,An,23467,E,Estimated value,
QCL,Crops and livestock products,048,Bahrain,5111,Stocks,02122,Sheep,2023,2023,An,60767,E,Estimated value,
QCL,Crops and livestock products,050,Bangladesh,5111,Stocks,02112,Buffalo,2023,2023,An,1516000,A,Official figure,
QCL,Crops and livestock products,050,Bangladesh,5111,Stocks,02111,Cattle,2023,2023,An,24856000,A,Official figure,
QCL,Crops and livestock products,050,Bangladesh,5111,Stocks,02123,Goats,2023,2023,An,26945000,A,Official figure,
QCL,Crops and livestock products,050,Bangladesh,5111,Stocks,02122,Sheep,2023,2023,An,3827000,A,Official figure,
QCL,Crops and livestock products,052,Barbados,5111,Stocks,02111,Cattle,2023,2023,An,10732,I,Imputed value,
QCL,Crops and livestock products,052,Barbados,5111,Stocks,02123,Goats,2023,2023,An,5645,I,Imputed value,
QCL,Crops and livestock products,052,Barbados,5111,Stocks,02122,Sheep,2023,2023,An,13345,E,Estimated value,
QCL,Crops and livestock products,052,Barbados,5111,Stocks,02140,Swine / pigs,2023,2023,An,23505,E,Estimated value,
QCL,Crops and livestock products,112,Belarus,5111,Stocks,02111,Cattle,2023,2023,An,4197300,A,Official figure,
QCL,Crops and livestock products,112,Belarus,5111,Stocks,02123,Goats,2023,2023,An,50300,A,Official figure,
QCL,Crops and livestock products,112,Belarus,5111,Stocks,02122,Sheep,2023,2023,An,75700,A,Official figure,
QCL,Crops and livestock products,112,Belarus,5111,Stocks,02140,Swine / pigs,2023,2023,An,2493000,A,Official figure,
QCL,Crops and livestock products,056,Belgium,5111,Stocks,02111,Cattle,2023,2023,An,2245710,A,Official figure,
QCL,Crops and livestock products,056,Belgium,5111,Stocks,02140,Swine / pigs,2023,2023,An,5380020,A,Official figure,
QCL,Crops and livestock products,084,Belize,5111,Stocks,02111,Cattle,2023,2023,An,102493,I,Imputed value,
QCL,Crops and livestock products,084,Belize,5111,Stocks,02123,Goats,2023,2023,An,193,I,Imputed value,
QCL,Crops and livestock products,084,Belize,5111,Stocks,02122,Sheep,2023,2023,An,16115,I,Imputed value,
QCL,Crops and livestock products,084,Belize,5111,Stocks,02140,Swine / pigs,2023,2023,An,22411,I,Imputed value,
QCL,Crops and livestock products,204,Benin,5111,Stocks,02111,Cattle,2023,2023,An,2528241,A,Official figure,
QCL,Crops and livestock products,204,Benin,5111,Stocks,02123,Goats,2023,2023,An,3727819,A,Official figure,
QCL,Crops and livestock products,204,Benin,5111,Stocks,02122,Sheep,2023,2023,An,2572970,A,Official figure,
QCL,Crops and livestock products,204,Benin,5111,Stocks,02140,Swine / pigs,2023,2023,An,1002585,A,Official figure,
QCL,Crops and livestock products,064,Bhutan,5111,Stocks,02112,Buffalo,2023,2023,An,59289,I,Imputed value,
QCL,Crops and livestock products,064,Bhutan,5111,Stocks,02111,Cattle,2023,2023,An,222597,A,Official figure,
QCL,Crops and livestock products,064,Bhutan,5111,Stocks,02123,Goats,2023,2023,An,60798,A,Official figure,
QCL,Crops and livestock products,064,Bhutan,5111,Stocks,02122,Sheep,2023,2023,An,9411,A,Official figure,
QCL,Crops and livestock products,064,Bhutan,5111,Stocks,02140,Swine / pigs,2023,2023,An,29625,A,Official figure,
QCL,Crops and livestock products,068,Bolivia (Plurinational State of),5111,Stocks,02111,Cattle,2023,2023,An,11099476,A,Official figure,
QCL,Crops and livestock products,068,Bolivia (Plurinational State of),5111,Stocks,02123,Goats,2023,2023,An,2280188,A,Official figure,
QCL,Crops and livestock products,068,Bolivia (Plurinational State of),5111,Stocks,02121.02,Other camelids,2023,2023,An,3036400,A,Official figure,
QCL,Crops and livestock products,068,Bolivia (Plurinational State of),5111,Stocks,02122,Sheep,2023,2023,An,7476133,A,Official figure,
QCL,Crops and livestock products,068,Bolivia (Plurinational State of),5111,Stocks,02140,Swine / pigs,2023,2023,An,3190607,A,Official figure,
QCL,Crops and livestock products,070,Bosnia and Herzegovina,5111,Stocks,02111,Cattle,2023,2023,An,330119,A,Official figure,
QCL,Crops and livestock products,070,Bosnia and Herzegovina,5111,Stocks,02123,Goats,2023,2023,An,51003,A,Official figure,
QCL,Crops and livestock products,070,Bosnia and Herzegovina,5111,Stocks,02122,Sheep,2023,2023,An,1003559,A,Official figure,
QCL,Crops and livestock products,070,Bosnia and Herzegovina,5111,Stocks,02140,Swine / pigs,2023,2023,An,400677,A,Official figure,
QCL,Crops and livestock products,072,Botswana,5111,Stocks,02111,Cattle,2023,2023,An,1000000,E,Estimated value,
QCL,Crops and livestock products,072,Botswana,5111,Stocks,02123,Goats,2023,2023,An,1162721,I,Imputed value,
QCL,Crops and livestock products,072,Botswana,5111,Stocks,02122,Sheep,2023,2023,An,239693,E,Estimated value,
QCL,Crops and livestock products,072,Botswana,5111,Stocks,02140,Swine / pigs,2023,2023,An,8500,E,Estimated value,
QCL,Crops and livestock products,076,Brazil,5111,Stocks,02112,Buffalo,2023,2023,An,1672956,A,Official figure,
QCL,Crops and livestock products,076,Brazil,5111,Stocks,02111,Cattle,2023,2023,An,238626442,A,Official figure,
QCL,Crops and livestock products,076,Brazil,5111,Stocks,02123,Goats,2023,2023,An,12891493,A,Official figure,
QCL,Crops and livestock products,076,Brazil,5111,Stocks,02122,Sheep,2023,2023,An,21792139,A,Official figure,
QCL,Crops and livestock products,076,Brazil,5111,Stocks,02140,Swine / pigs,2023,2023,An,42997536,A,Official figure,
QCL,Crops and livestock products,096,Brunei Darussalam,5111,Stocks,02112,Buffalo,2023,2023,An,1016,A,Official figure,
QCL,Crops and livestock products,096,Brunei Darussalam,5111,Stocks,02111,Cattle,2023,2023,An,314,A,Official figure,
QCL,Crops and livestock products,096,Brunei Darussalam,5111,Stocks,02123,Goats,2023,2023,An,3559,A,Official figure,
QCL,Crops and livestock products,096,Brunei Darussalam,5111,Stocks,02122,Sheep,2023,2023,An,4470,E,Estimated value,
QCL,Crops and livestock products,096,Brunei Darussalam,5111,Stocks,02140,Swine / pigs,2023,2023,An,843,E,Estimated value,
QCL,Crops and livestock products,100,Bulgaria,5111,Stocks,02112,Buffalo,2023,2023,An,20940,A,Official figure,
QCL,Crops and livestock products,100,Bulgaria,5111,Stocks,02111,Cattle,2023,2023,An,574300,A,Official figure,
QCL,Crops and livestock products,100,Bulgaria,5111,Stocks,02123,Goats,2023,2023,An,174950,A,Official figure,
QCL,Crops and livestock products,100,Bulgaria,5111,Stocks,02122,Sheep,2023,2023,An,1072770,A,Official figure,
QCL,Crops and livestock products,100,Bulgaria,5111,Stocks,02140,Swine / pigs,2023,2023,An,724750,A,Official figure,
QCL,Crops and livestock products,854,Burkina Faso,5111,Stocks,02121.01,Camels,2023,2023,An,29495,A,Official figure,
QCL,Crops and livestock products,854,Burkina Faso,5111,Stocks,02111,Cattle,2023,2023,An,10143317,A,Official figure,
QCL,Crops and livestock products,854,Burkina Faso,5111,Stocks,02123,Goats,2023,2023,An,10842105,A,Official figure,
QCL,Crops and livestock products,854,Burkina Faso,5111,Stocks,02122,Sheep,2023,2023,An,11430584,A,Official figure,
QCL,Crops and livestock products,854,Burkina Faso,5111,Stocks,02140,Swine / pigs,2023,2023,An,1489271,A,Official figure,
QCL,Crops and livestock products,108,Burundi,5111,Stocks,02111,Cattle,2023,2023,An,1192217,I,Imputed value,
QCL,Crops and livestock products,108,Burundi,5111,Stocks,02123,Goats,2023,2023,An,3783404,E,Estimated value,
QCL,Crops and livestock products,108,Burundi,5111,Stocks,02122,Sheep,2023,2023,An,687367,I,Imputed value,
QCL,Crops and livestock products,108,Burundi,5111,Stocks,02140,Swine / pigs,2023,2023,An,1539124,I,Imputed value,
QCL,Crops and livestock products,132,Cabo Verde,5111,Stocks,02111,Cattle,2023,2023,An,29714,A,Official figure,
QCL,Crops and livestock products,132,Cabo Verde,5111,Stocks,02123,Goats,2023,2023,An,143116,A,Official figure,
QCL,Crops and livestock products,132,Cabo Verde,5111,Stocks,02122,Sheep,2023,2023,An,19464,A,Official figure,
QCL,Crops and livestock products,132,Cabo Verde,5111,Stocks,02140,Swine / pigs,2023,2023,An,72333,A,Official figure,
QCL,Crops and livestock products,116,Cambodia,5111,Stocks,02112,Buffalo,2023,2023,An,665269,I,Imputed value,
QCL,Crops and livestock products,116,Cambodia,5111,Stocks,02111,Cattle,2023,2023,An,2611835,E,Estimated value,
QCL,Crops and livestock products,116,Cambodia,5111,Stocks,02140,Swine / pigs,2023,2023,An,2036958,E,Estimated value,
QCL,Crops and livestock products,120,Cameroon,5111,Stocks,02111,Cattle,2023,2023,An,5978095,I,Imputed value,
QCL,Crops and livestock products,120,Cameroon,5111,Stocks,02123,Goats,2023,2023,An,6560715,I,Imputed value,
QCL,Crops and livestock products,120,Cameroon,5111,Stocks,02122,Sheep,2023,2023,An,3571331,I,Imputed value,
QCL,Crops and livestock products,120,Cameroon,5111,Stocks,02140,Swine / pigs,2023,2023,An,2223814,E,Estimated value,
QCL,Crops and livestock products,124,Canada,5111,Stocks,02111,Cattle,2023,2023,An,11295000,A,Official figure,
QCL,Crops and livestock products,124,Canada,5111,Stocks,02123,Goats,2023,2023,An,30069,I,Imputed value,
QCL,Crops and livestock products,124,Canada,5111,Stocks,02122,Sheep,2023,2023,An,846800,A,Official figure,
QCL,Crops and livestock products,124,Canada,5111,Stocks,02140,Swine / pigs,2023,2023,An,13905000,A,Official figure,
QCL,Crops and livestock products,140,Central African Republic,5111,Stocks,02111,Cattle,2023,2023,An,4845784,E,Estimated value,
QCL,Crops and livestock products,140,Central African Republic,5111,Stocks,02123,Goats,2023,2023,An,6251226,I,Imputed value,
QCL,Crops and livestock products,140,Central African Republic,5111,Stocks,02122,Sheep,2023,2023,An,441831,E,Estimated value,
QCL,Crops and livestock products,140,Central African Republic,5111,Stocks,02140,Swine / pigs,2023,2023,An,1058057,I,Imputed value,
QCL,Crops and livestock products,148,Chad,5111,Stocks,02121.01,Camels,2023,2023,An,10680415,A,Official figure,
QCL,Crops and livestock products,148,Chad,5111,Stocks,02111,Cattle,2023,2023,An,37647402,A,Official figure,
QCL,Crops and livestock products,148,Chad,5111,Stocks,02123,Goats,2023,2023,An,49308574,A,Official figure,
QCL,Crops and livestock products,148,Chad,5111,Stocks,02122,Sheep,2023,2023,An,48653400,A,Official figure,
QCL,Crops and livestock products,148,Chad,5111,Stocks,02140,Swine / pigs,2023,2023,An,109659,I,Imputed value,
QCL,Crops and livestock products,152,Chile,5111,Stocks,02111,Cattle,2023,2023,An,2953310,I,Imputed value,
QCL,Crops and livestock products,152,Chile,5111,Stocks,02123,Goats,2023,2023,An,400073,E,Estimated value,
QCL,Crops and livestock products,152,Chile,5111,Stocks,02122,Sheep,2023,2023,An,1203537,I,Imputed value,
QCL,Crops and livestock products,152,Chile,5111,Stocks,02140,Swine / pigs,2023,2023,An,2815970,A,Official figure,
QCL,Crops and livestock products,159,China,5111,Stocks,02112,Buffalo,2023,2023,An,31527876,E,Estimated value,
QCL,Crops and livestock products,159,China,5111,Stocks,02121.01,Camels,2023,2023,An,579700,A,Official figure,
QCL,Crops and livestock products,159,China,5111,Stocks,02111,Cattle,2023,2023,An,73718307,E,Estimated value,
QCL,Crops and livestock products,159,China,5111,Stocks,02123,Goats,2023,2023,An,129450362,E,Estimated value,
QCL,Crops and livestock products,159,China,5111,Stocks,02122,Sheep,2023,2023,An,192983895,E,Estimated value,
QCL,Crops and livestock products,159,China,5111,Stocks,02140,Swine / pigs,2023,2023,An,439495570,E,Estimated value,
QCL,Crops and livestock products,344,"China, Hong Kong SAR",5111,Stocks,02112,Buffalo,2023,2023,An,335,I,Imputed value,
QCL,Crops and livestock products,344,"China, Hong Kong SAR",5111,Stocks,02111,Cattle,2023,2023,An,1560,I,Imputed value,
QCL,Crops and livestock products,344,"China, Hong Kong SAR",5111,Stocks,02123,Goats,2023,2023,An,700,I,Imputed value,
QCL,Crops and livestock products,344,"China, Hong Kong SAR",5111,Stocks,02122,Sheep,2023,2023,An,22,I,Imputed value,
QCL,Crops and livestock products,344,"China, Hong Kong SAR",5111,Stocks,02140,Swine / pigs,2023,2023,An,116696,E,Estimated value,
QCL,Crops and livestock products,156,"China, mainland",5111,Stocks,02112,Buffalo,2023,2023,An,31525530,E,Estimated value,
QCL,Crops and livestock products,156,"China, mainland",5111,Stocks,02121.01,Camels,2023,2023,An,579700,A,Official figure,
QCL,Crops and livestock products,156,"China, mainland",5111,Stocks,02111,Cattle,2023,2023,An,73559570,E,Estimated value,
QCL,Crops and livestock products,156,"China, mainland",5111,Stocks,02123,Goats,2023,2023,An,129342000,A,Official figure,
QCL,Crops and livestock products,156,"China, mainland",5111,Stocks,02122,Sheep,2023,2023,An,192983700,A,Official figure,
QCL,Crops and livestock products,156,"China, mainland",5111,Stocks,02140,Swine / pigs,2023,2023,An,434222700,A,Official figure,
QCL,Crops and livestock products,158,"China, Taiwan Province of",5111,Stocks,02112,Buffalo,2023,2023,An,2011,E,Estimated value,
QCL,Crops and livestock products,158,"China, Taiwan Province of",5111,Stocks,02111,Cattle,2023,2023,An,157177,I,Imputed value,
QCL,Crops and livestock products,158,"China, Taiwan Province of",5111,Stocks,02123,Goats,2023,2023,An,107662,I,Imputed value,
QCL,Crops and livestock products,158,"China, Taiwan Province of",5111,Stocks,02122,Sheep,2023,2023,An,172,I,Imputed value,
QCL,Crops and livestock products,158,"China, Taiwan Province of",5111,Stocks,02140,Swine / pigs,2023,2023,An,5156174,I,Imputed value,
QCL,Crops and livestock products,170,Colombia,5111,Stocks,02112,Buffalo,2023,2023,An,563372,A,Official figure,
QCL,Crops and livestock products,170,Colombia,5111,Stocks,02111,Cattle,2023,2023,An,29203256,A,Official figure,
QCL,Crops and livestock products,170,Colombia,5111,Stocks,02123,Goats,2023,2023,An,1148239,A,Official figure,
QCL,Crops and livestock products,170,Colombia,5111,Stocks,02122,Sheep,2023,2023,An,1792245,A,Official figure,
QCL,Crops and livestock products,170,Colombia,5111,Stocks,02140,Swine / pigs,2023,2023,An,10639149,A,Official figure,
QCL,Crops and livestock products,174,Comoros,5111,Stocks,02111,Cattle,2023,2023,An,51352,I,Imputed value,
QCL,Crops and livestock products,174,Comoros,5111,Stocks,02123,Goats,2023,2023,An,121194,I,Imputed value,
QCL,Crops and livestock products,174,Comoros,5111,Stocks,02122,Sheep,2023,2023,An,25757,E,Estimated value,
QCL,Crops and livestock products,178,Congo,5111,Stocks,02111,Cattle,2023,2023,An,327769,I,Imputed value,
QCL,Crops and livestock products,178,Congo,5111,Stocks,02123,Goats,2023,2023,An,326711,I,Imputed value,
QCL,Crops and livestock products,178,Congo,5111,Stocks,02122,Sheep,2023,2023,An,124765,I,Imputed value,
QCL,Crops and livestock products,178,Congo,5111,Stocks,02140,Swine / pigs,2023,2023,An,103285,E,Estimated value,
QCL,Crops and livestock products,184,Cook Islands,5111,Stocks,02111,Cattle,2023,2023,An,229,I,Imputed value,
QCL,Crops and livestock products,184,Cook Islands,5111,Stocks,02123,Goats,2023,2023,An,2663,E,Estimated value,
QCL,Crops and livestock products,184,Cook Islands,5111,Stocks,02140,Swine / pigs,2023,2023,An,23346,I,Imputed value,
QCL,Crops and livestock products,188,Costa Rica,5111,Stocks,02111,Cattle,2023,2023,An,2196700,A,Official figure,
QCL,Crops and livestock products,188,Costa Rica,5111,Stocks,02123,Goats,2023,2023,An,77593,I,Imputed value,
QCL,Crops and livestock products,188,Costa Rica,5111,Stocks,02122,Sheep,2023,2023,An,2885,I,Imputed value,
QCL,Crops and livestock products,188,Costa Rica,5111,Stocks,02140,Swine / pigs,2023,2023,An,528692,A,Official figure,
QCL,Crops and livestock products,384,Côte d'Ivoire,5111,Stocks,02111,Cattle,2023,2023,An,1867999,I,Imputed value,
QCL,Crops and livestock products,384,Côte d'Ivoire,5111,Stocks,02123,Goats,2023,2023,An,4070402,E,Estimated value,
QCL,Crops and livestock products,384,Côte d'Ivoire,5111,Stocks,02122,Sheep,2023,2023,An,2531492,I,Imputed value,
QCL,Crops and livestock products,384,Côte d'Ivoire,5111,Stocks,02140,Swine / pigs,2023,2023,An,457470,I,Imputed value,
QCL,Crops and livestock products,191,Croatia,5111,Stocks,02111,Cattle,2023,2023,An,415000,A,Official figure,
QCL,Crops and livestock products,191,Croatia,5111,Stocks,02123,Goats,2023,2023,An,73000,A,Official figure,
QCL,Crops and livestock products,191,Croatia,5111,Stocks,02122,Sheep,2023,2023,An,552000,A,Official figure,
QCL,Crops and livestock products,191,Croatia,5111,Stocks,02140,Swine / pigs,2023,2023,An,853000,A,Official figure,
QCL,Crops and livestock products,192,Cuba,5111,Stocks,02111,Cattle,2023,2023,An,3391840,I,Imputed value,
QCL,Crops and livestock products,192,Cuba,5111,Stocks,02123,Goats,2023,2023,An,604115,I,Imputed value,
QCL,Crops and livestock products,192,Cuba,5111,Stocks,02122,Sheep,2023,2023,An,1414807,I,Imputed value,
QCL,Crops and livestock products,192,Cuba,5111,Stocks,02140,Swine / pigs,2023,2023,An,1738569,I,Imputed value,
QCL,Crops and livestock products,196,Cyprus,5111,Stocks,02112,Buffalo,2023,2023,An,0,A,Official figure,
QCL,Crops and livestock products,196,Cyprus,5111,Stocks,02111,Cattle,2023,2023,An,82270,A,Official figure,
QCL,Crops and livestock products,196,Cyprus,5111,Stocks,02140,Swine / pigs,2023,2023,An,309760,A,Official figure,
QCL,Crops and livestock products,203,Czechia,5111,Stocks,02112,Buffalo,2023,2023,An,0,A,Official figure,
QCL,Crops and livestock products,203,Czechia,5111,Stocks,02111,Cattle,2023,2023,An,1369590,A,Official figure,
QCL,Crops and livestock products,203,Czechia,5111,Stocks,02123,Goats,2023,2023,An,28757,A,Official figure,
QCL,Crops and livestock products,203,Czechia,5111,Stocks,02122,Sheep,2023,2023,An,179158,A,Official figure,
QCL,Crops and livestock products,203,Czechia,5111,Stocks,02140,Swine / pigs,2023,2023,An,1362280,A,Official figure,
QCL,Crops and livestock products,408,Democratic People's Republic of Korea,5111,Stocks,02111,Cattle,2023,2023,An,573401,I,Imputed value,
QCL,Crops and livestock products,408,Democratic People's Republic of Korea,5111,Stocks,02123,Goats,2023,2023,An,3910648,I,Imputed value,
QCL,Crops and livestock products,408,Democratic People's Republic of Korea,5111,Stocks,02122,Sheep,2023,2023,An,166675,I,Imputed value,
QCL,Crops and livestock products,408,Democratic People's Republic of Korea,5111,Stocks,02140,Swine / pigs,2023,2023,An,2386214,I,Imputed value,
QCL,Crops and livestock products,180,Democratic Republic of the Congo,5111,Stocks,02111,Cattle,2023,2023,An,1832468,A,Official figure,
QCL,Crops and livestock products,180,Democratic Republic of the Congo,5111,Stocks,02123,Goats,2023,2023,An,4140123,A,Official figure,
QCL,Crops and livestock products,180,Democratic Republic of the Congo,5111,Stocks,02122,Sheep,2023,2023,An,918961,A,Official figure,
QCL,Crops and livestock products,180,Democratic Republic of the Congo,5111,Stocks,02140,Swine / pigs,2023,2023,An,1011972,A,Official figure,
QCL,Crops and livestock products,208,Denmark,5111,Stocks,02112,Buffalo,2023,2023,An,0,A,Official figure,
QCL,Crops and livestock products,208,Denmark,5111,Stocks,02111,Cattle,2023,2023,An,1434870,A,Official figure,
QCL,Crops and livestock products,208,Denmark,5111,Stocks,02122,Sheep,2023,2023,An,152572,A,Official figure,
QCL,Crops and livestock products,208,Denmark,5111,Stocks,02140,Swine / pigs,2023,2023,An,11368000,A,Official figure,
QCL,Crops and livestock products,262,Djibouti,5111,Stocks,02121.01,Camels,2023,2023,An,72130,I,Imputed value,
QCL,Crops and livestock products,262,Djibouti,5111,Stocks,02111,Cattle,2023,2023,An,310795,I,Imputed value,
QCL,Crops and livestock products,262,Djibouti,5111,Stocks,02123,Goats,2023,2023,An,519769,I,Imputed value,
QCL,Crops and livestock products,262,Djibouti,5111,Stocks,02122,Sheep,2023,2023,An,470257,I,Imputed value,
QCL,Crops and livestock products,212,Dominica,5111,Stocks,02111,Cattle,2023,2023,An,14003,I,Imputed value,
QCL,Crops and livestock products,212,Dominica,5111,Stocks,02123,Goats,2023,2023,An,9706,I,Imputed value,
QCL,Crops and livestock products,212,Dominica,5111,Stocks,02122,Sheep,2023,2023,An,8426,E,Estimated value,
QCL,Crops and livestock products,212,Dominica,5111,Stocks,02140,Swine / pigs,2023,2023,An,5072,I,Imputed value,
QCL,Crops and livestock products,214,Dominican Republic,5111,Stocks,02111,Cattle,2023,2023,An,3082735,I,Imputed value,
QCL,Crops and livestock products,214,Dominican Republic,5111,Stocks,02123,Goats,2023,2023,An,229502,E,Estimated value,
QCL,Crops and livestock products,214,Dominican Republic,5111,Stocks,02122,Sheep,2023,2023,An,256478,I,Imputed value,
QCL,Crops and livestock products,214,Dominican Republic,5111,Stocks,02140,Swine / pigs,2023,2023,An,854456,A,Official figure,
QCL,Crops and livestock products,218,Ecuador,5111,Stocks,02111,Cattle,2023,2023,An,3723196,A,Official figure,
QCL,Crops and livestock products,218,Ecuador,5111,Stocks,02123,Goats,2023,2023,An,28641,A,Official figure,
QCL,Crops and livestock products,218,Ecuador,5111,Stocks,02122,Sheep,2023,2023,An,561949,A,Official figure,
QCL,Crops and livestock products,218,Ecuador,5111,Stocks,02140,Swine / pigs,2023,2023,An,983999,A,Official figure,
QCL,Crops and livestock products,818,Egypt,5111,Stocks,02112,Buffalo,2023,2023,An,1445764,I,Imputed value,
QCL,Crops and livestock products,818,Egypt,5111,Stocks,02121.01,Camels,2023,2023,An,193667,E,Estimated value,
QCL,Crops and livestock products,818,Egypt,5111,Stocks,02111,Cattle,2023,2023,An,3133580,I,Imputed value,
QCL,Crops and livestock products,818,Egypt,5111,Stocks,02123,Goats,2023,2023,An,1050154,I,Imputed value,
QCL,Crops and livestock products,818,Egypt,5111,Stocks,02122,Sheep,2023,2023,An,1991545,I,Imputed value,
QCL,Crops and livestock products,818,Egypt,5111,Stocks,02140,Swine / pigs,2023,2023,An,21180,I,Imputed value,
QCL,Crops and livestock products,222,El Salvador,5111,Stocks,02111,Cattle,2023,2023,An,746087,I,Imputed value,
QCL,Crops and livestock products,222,El Salvador,5111,Stocks,02123,Goats,2023,2023,An,14121,E,Estimated value,
QCL,Crops and livestock products,222,El Salvador,5111,Stocks,02122,Sheep,2023,2023,An,5545,I,Imputed value,
QCL,Crops and livestock products,222,El Salvador,5111,Stocks,02140,Swine / pigs,2023,2023,An,246712,E,Estimated value,
QCL,Crops and livestock products,226,Equatorial Guinea,5111,Stocks,02111,Cattle,2023,2023,An,5517,I,Imputed value,
QCL,Crops and livestock products,226,Equatorial Guinea,5111,Stocks,02123,Goats,2023,2023,An,9952,I,Imputed value,
QCL,Crops and livestock products,226,Equatorial Guinea,5111,Stocks,02122,Sheep,2023,2023,An,41688,I,Imputed value,
QCL,Crops and livestock products,226,Equatorial Guinea,5111,Stocks,02140,Swine / pigs,2023,2023,An,7489,E,Estimated value,
QCL,Crops and livestock products,232,Eritrea,5111,Stocks,02121.01,Camels,2023,2023,An,402523,E,Estimated value,
QCL,Crops and livestock products,232,Eritrea,5111,Stocks,02111,Cattle,2023,2023,An,2142924,I,Imputed value,
QCL,Crops and livestock products,232,Eritrea,5111,Stocks,02123,Goats,2023,2023,An,1919229,I,Imputed value,
QCL,Crops and livestock products,232,Eritrea,5111,Stocks,02122,Sheep,2023,2023,An,2475388,E,Estimated value,
QCL,Crops and livestock products,233,Estonia,5111,Stocks,02112,Buffalo,2023,2023,An,0,A,Official figure,
QCL,Crops and livestock products,233,Estonia,5111,Stocks,02111,Cattle,2023,2023,An,241360,A,Official figure,
QCL,Crops and livestock products,233,Estonia,5111,Stocks,02123,Goats,2023,2023,An,3700,A,Official figure,
QCL,Crops and livestock products,233,Estonia,5111,Stocks,02122,Sheep,2023,2023,An,55100,A,Official figure,
QCL,Crops and livestock products,233,Estonia,5111,Stocks,02140,Swine / pigs,2023,2023,An,274960,A,Official figure,
QCL,Crops and livestock products,748,Eswatini,5111,Stocks,02111,Cattle,2023,2023,An,513127,I,Imputed value,
QCL,Crops and livestock products,748,Eswatini,5111,Stocks,02123,Goats,2023,2023,An,520471,I,Imputed value,
QCL,Crops and livestock products,748,Eswatini,5111,Stocks,02122,Sheep,2023,2023,An,16665,E,Estimated value,
QCL,Crops and livestock products,748,Eswatini,5111,Stocks,02140,Swine / pigs,2023,2023,An,46510,I,Imputed value,
QCL,Crops and livestock products,231,Ethiopia,5111,Stocks,02121.01,Camels,2023,2023,An,1755349,E,Estimated value,
QCL,Crops and livestock products,231,Ethiopia,5111,Stocks,02111,Cattle,2023,2023,An,70904004,I,Imputed value,
QCL,Crops and livestock products,231,Ethiopia,5111,Stocks,02123,Goats,2023,2023,An,53572317,I,Imputed value,
QCL,Crops and livestock products,231,Ethiopia,5111,Stocks,02122,Sheep,2023,2023,An,39946177,I,Imputed value,
QCL,Crops and livestock products,231,Ethiopia,5111,Stocks,02140,Swine / pigs,2023,2023,An,36978,E,Estimated value,
QCL,Crops and livestock products,234,Faroe Islands,5111,Stocks,02111,Cattle,2023,2023,An,1916,E,Estimated value,
QCL,Crops and livestock products,234,Faroe Islands,5111,Stocks,02122,Sheep,2023,2023,An,78638,E,Estimated value,
QCL,Crops and livestock products,242,Fiji,5111,Stocks,02111,Cattle,2023,2023,An,121798,A,Official figure,
QCL,Crops and livestock products,242,Fiji,5111,Stocks,02123,Goats,2023,2023,An,276138,I,Imputed value,
QCL,Crops and livestock products,242,Fiji,5111,Stocks,02122,Sheep,2023,2023,An,38073,A,Official figure,
QCL,Crops and livestock products,242,Fiji,5111,Stocks,02140,Swine / pigs,2023,2023,An,67136,I,Imputed value,
QCL,Crops and livestock products,246,Finland,5111,Stocks,02112,Buffalo,2023,2023,An,0,A,Official figure,
QCL,Crops and livestock products,246,Finland,5111,Stocks,02111,Cattle,2023,2023,An,798640,A,Official figure,
QCL,Crops and livestock products,246,Finland,5111,Stocks,02123,Goats,2023,2023,An,5800,A,Official figure,
QCL,Crops and livestock products,246,Finland,5111,Stocks,02122,Sheep,2023,2023,An,122100,A,Official figure,
QCL,Crops and livestock products,246,Finland,5111,Stocks,02140,Swine / pigs,2023,2023,An,984340,A,Official figure,
QCL,Crops and livestock products,250,France,5111,Stocks,02111,Cattle,2023,2023,An,16806900,A,Official figure,
QCL,Crops and livestock products,250,France,5111,Stocks,02123,Goats,2023,2023,An,1275000,A,Official figure,
QCL,Crops and livestock products,250,France,5111,Stocks,02122,Sheep,2023,2023,An,6576000,A,Official figure,
QCL,Crops and livestock products,250,France,5111,Stocks,02140,Swine / pigs,2023,2023,An,11794050,A,Official figure,
QCL,Crops and livestock products,258,French Polynesia,5111,Stocks,02111,Cattle,2023,2023,An,8500,E,Estimated value,
QCL,Crops and livestock products,258,French Polynesia,5111,Stocks,02123,Goats,2023,2023,An,16100,I,Imputed value,
QCL,Crops and livestock products,258,French Polynesia,5111,Stocks,02122,Sheep,2023,2023,An,444,I,Imputed value,
QCL,Crops and livestock products,258,French Polynesia,5111,Stocks,02140,Swine / pigs,2023,2023,An,29393,I,Imputed value,
QCL,Crops and livestock products,266,Gabon,5111,Stocks,02111,Cattle,2023,2023,An,39824,I,Imputed value,
QCL,Crops and livestock products,266,Gabon,5111,Stocks,02123,Goats,2023,2023,An,117623,E,Estimated value,
QCL,Crops and livestock products,266,Gabon,5111,Stocks,02122,Sheep,2023,2023,An,228935,I,Imputed value,
QCL,Crops and livestock products,266,Gabon,5111,Stocks,02140,Swine / pigs,2023,2023,An,225056,I,Imputed value,
QCL,Crops and livestock products,270,Gambia,5111,Stocks,02111,Cattle,2023,2023,An,278850,I,Imputed value,
QCL,Crops and livestock products,270,Gambia,5111,Stocks,02123,Goats,2023,2023,An,416192,I,Imputed value,
QCL,Crops and livestock products,270,Gambia,5111,Stocks,02122,Sheep,2023,2023,An,170631,I,Imputed value,
QCL,Crops and livestock products,270,Gambia,5111,Stocks,02140,Swine / pigs,2023,2023,An,15024,E,Estimated value,
QCL,Crops and livestock products,268,Georgia,5111,Stocks,02112,Buffalo,2023,2023,An,19658,I,Imputed value,
QCL,Crops and livestock products,268,Georgia,5111,Stocks,02111,Cattle,2023,2023,An,853700,A,Official figure,
QCL,Crops and livestock products,268,Georgia,5111,Stocks,02123,Goats,2023,2023,An,50200,A,Official figure,
QCL,Crops and livestock products,268,Georgia,5111,Stocks,02122,Sheep,2023,2023,An,863800,A,Official figure,
QCL,Crops and livestock products,268,Georgia,5111,Stocks,02140,Swine / pigs,2023,2023,An,150200,A,Official figure,
QCL,Crops and livestock products,276,Germany,5111,Stocks,02112,Buffalo,2023,2023,An,12150,A,Official figure,
QCL,Crops and livestock products,276,Germany,5111,Stocks,02111,Cattle,2023,2023,An,10836200,A,Official figure,
QCL,Crops and livestock products,276,Germany,5111,Stocks,02123,Goats,2023,2023,An,162600,A,Official figure,
QCL,Crops and livestock products,276,Germany,5111,Stocks,02122,Sheep,2023,2023,An,1559700,A,Official figure,
QCL,Crops and livestock products,276,Germany,5111,Stocks,02140,Swine / pigs,2023,2023,An,21223700,A,Official figure,
QCL,Crops and livestock products,288,Ghana,5111,Stocks,02111,Cattle,2023,2023,An,2291454,I,Imputed value,
QCL,Crops and livestock products,288,Ghana,5111,Stocks,02123,Goats,2023,2023,An,9269844,I,Imputed value,
QCL,Crops and livestock products,288,Ghana,5111,Stocks,02122,Sheep,2023,2023,An,5974866,I,Imputed value,
QCL,Crops and livestock products,288,Ghana,5111,Stocks,02140,Swine / pigs,2023,2023,An,923613,I,Imputed value,
QCL,Crops and livestock products,300,Greece,5111,Stocks,02112,Buffalo,2023,2023,An,4200,A,Official figure,
QCL,Crops and livestock products,300,Greece,5111,Stocks,02111,Cattle,2023,2023,An,622400,A,Official figure,
QCL,Crops and livestock products,300,Greece,5111,Stocks,02123,Goats,2023,2023,An,2747700,A,Official figure,
QCL,Crops and livestock products,300,Greece,5111,Stocks,02122,Sheep,2023,2023,An,7892300,A,Official figure,
QCL,Crops and livestock products,300,Greece,5111,Stocks,02140,Swine / pigs,2023,2023,An,787600,A,Official figure,
QCL,Crops and livestock products,308,Grenada,5111,Stocks,02111,Cattle,2023,2023,An,6664,I,Imputed value,
QCL,Crops and livestock products,308,Grenada,5111,Stocks,02123,Goats,2023,2023,An,25000,E,Estimated value,
QCL,Crops and livestock products,308,Grenada,5111,Stocks,02122,Sheep,2023,2023,An,10000,E,Estimated value,
QCL,Crops and livestock products,308,Grenada,5111,Stocks,02140,Swine / pigs,2023,2023,An,4783,I,Imputed value,
QCL,Crops and livestock products,320,Guatemala,5111,Stocks,02111,Cattle,2023,2023,An,4176956,I,Imputed value,
QCL,Crops and livestock products,320,Guatemala,5111,Stocks,02123,Goats,2023,2023,An,116062,I,Imputed value,
QCL,Crops and livestock products,320,Guatemala,5111,Stocks,02122,Sheep,2023,2023,An,616612,I,Imputed value,
QCL,Crops and livestock products,320,Guatemala,5111,Stocks,02140,Swine / pigs,2023,2023,An,2937865,E,Estimated value,
QCL,Crops and livestock products,324,Guinea,5111,Stocks,02111,Cattle,2023,2023,An,8835187,E,Estimated value,
QCL,Crops and livestock products,324,Guinea,5111,Stocks,02123,Goats,2023,2023,An,4486349,I,Imputed value,
QCL,Crops and livestock products,324,Guinea,5111,Stocks,02122,Sheep,2023,2023,An,3722622,I,Imputed value,
QCL,Crops and livestock products,324,Guinea,5111,Stocks,02140,Swine / pigs,2023,2023,An,177659,I,Imputed value,
QCL,Crops and livestock products,624,Guinea-Bissau,5111,Stocks,02111,Cattle,2023,2023,An,738927,E,Estimated value,
QCL,Crops and livestock products,624,Guinea-Bissau,5111,Stocks,02123,Goats,2023,2023,An,817843,E,Estimated value,
QCL,Crops and livestock products,624,Guinea-Bissau,5111,Stocks,02122,Sheep,2023,2023,An,483895,I,Imputed value,
QCL,Crops and livestock products,624,Guinea-Bissau,5111,Stocks,02140,Swine / pigs,2023,2023,An,460588,I,Imputed value,
QCL,Crops and livestock products,328,Guyana,5111,Stocks,02111,Cattle,2023,2023,An,102526,I,Imputed value,
QCL,Crops and livestock products,328,Guyana,5111,Stocks,02123,Goats,2023,2023,An,82979,I,Imputed value,
QCL,Crops and livestock products,328,Guyana,5111,Stocks,02122,Sheep,2023,2023,An,132078,I,Imputed value,
QCL,Crops and livestock products,328,Guyana,5111,Stocks,02140,Swine / pigs,2023,2023,An,9548,E,Estimated value,
QCL,Crops and livestock products,332,Haiti,5111,Stocks,02111,Cattle,2023,2023,An,1558495,I,Imputed value,
QCL,Crops and livestock products,332,Haiti,5111,Stocks,02123,Goats,2023,2023,An,1851086,I,Imputed value,
QCL,Crops and livestock products,332,Haiti,5111,Stocks,02122,Sheep,2023,2023,An,300722,I,Imputed value,
QCL,Crops and livestock products,332,Haiti,5111,Stocks,02140,Swine / pigs,2023,2023,An,1012016,I,Imputed value,
QCL,Crops and livestock products,340,Honduras,5111,Stocks,02111,Cattle,2023,2023,An,2932125,I,Imputed value,
QCL,Crops and livestock products,340,Honduras,5111,Stocks,02123,Goats,2023,2023,An,24678,I,Imputed value,
QCL,Crops and livestock products,340,Honduras,5111,Stocks,02122,Sheep,2023,2023,An,16947,E,Estimated value,
QCL,Crops and livestock products,340,Honduras,5111,Stocks,02140,Swine / pigs,2023,2023,An,466551,I,Imputed value,
QCL,Crops and livestock products,348,Hungary,5111,Stocks,02112,Buffalo,2023,2023,An,7600,A,Official figure,
QCL,Crops and livestock products,348,Hungary,5111,Stocks,02111,Cattle,2023,2023,An,869700,A,Official figure,
QCL,Crops and livestock products,348,Hungary,5111,Stocks,02123,Goats,2023,2023,An,31300,A,Official figure,
QCL,Crops and livestock products,348,Hungary,5111,Stocks,02122,Sheep,2023,2023,An,907100,A,Official figure,
QCL,Crops and livestock products,348,Hungary,5111,Stocks,02140,Swine / pigs,2023,2023,An,2607700,A,Official figure,
QCL,Crops and livestock products,352,Iceland,5111,Stocks,02111,Cattle,2023,2023,An,78732,A,Official figure,
QCL,Crops and livestock products,352,Iceland,5111,Stocks,02123,Goats,2023,2023,An,1835,A,Official figure,
QCL,Crops and livestock products,352,Iceland,5111,Stocks,02122,Sheep,2023,2023,An,354986,A,Official figure,
QCL,Crops and livestock products,352,Iceland,5111,Stocks,02140,Swine / pigs,2023,2023,An,26000,A,Official figure,
QCL,Crops and livestock products,356,India,5111,Stocks,02112,Buffalo,2023,2023,An,112049996,I,Imputed value,
QCL,Crops and livestock products,356,India,5111,Stocks,02121.01,Camels,2023,2023,An,189066,I,Imputed value,
QCL,Crops and livestock products,356,India,5111,Stocks,02111,Cattle,2023,2023,An,194478229,I,Imputed value,
QCL,Crops and livestock products,356,India,5111,Stocks,02123,Goats,2023,2023,An,154262149,I,Imputed value,
QCL,Crops and livestock products,356,India,5111,Stocks,02122,Sheep,2023,2023,An,77423974,I,Imputed value,
QCL,Crops and livestock products,356,India,5111,Stocks,02140,Swine / pigs,2023,2023,An,8461997,I,Imputed value,
QCL,Crops and livestock products,360,Indonesia,5111,Stocks,02112,Buffalo,2023,2023,An,1016596,I,Imputed value,
QCL,Crops and livestock products,360,Indonesia,5111,Stocks,02111,Cattle,2023,2023,An,18830155,I,Imputed value,
QCL,Crops and livestock products,360,Indonesia,5111,Stocks,02123,Goats,2023,2023,An,19645537,I,Imputed value,
QCL,Crops and livestock products,360,Indonesia,5111,Stocks,02122,Sheep,2023,2023,An,15524842,I,Imputed value,
QCL,Crops and livestock products,360,Indonesia,5111,Stocks,02140,Swine / pigs,2023,2023,An,7288719,I,Imputed value,
QCL,Crops and livestock products,364,Iran (Islamic Republic of),5111,Stocks,02112,Buffalo,2023,2023,An,160000,E,Estimated value,
QCL,Crops and livestock products,364,Iran (Islamic Republic of),5111,Stocks,02121.01,Camels,2023,2023,An,160000,E,Estimated value,
QCL,Crops and livestock products,364,Iran (Islamic Republic of),5111,Stocks,02111,Cattle,2023,2023,An,5487783,I,Imputed value,
QCL,Crops and livestock products,364,Iran (Islamic Republic of),5111,Stocks,02123,Goats,2023,2023,An,18421686,I,Imputed value,
QCL,Crops and livestock products,364,Iran (Islamic Republic of),5111,Stocks,02122,Sheep,2023,2023,An,52012337,E,Estimated value,
QCL,Crops and livestock products,364,Iran (Islamic Republic of),5111,Stocks,02140,Swine / pigs,2023,2023,An,,M,"Missing value (data cannot exist, not applicable)",
QCL,Crops and livestock products,368,Iraq,5111,Stocks,02112,Buffalo,2023,2023,An,260564,A,Official figure,
QCL,Crops and livestock products,368,Iraq,5111,Stocks,02121.01,Camels,2023,2023,An,124045,A,Official figure,
QCL,Crops and livestock products,368,Iraq,5111,Stocks,02111,Cattle,2023,2023,An,2147569,A,Official figure,
QCL,Crops and livestock products,368,Iraq,5111,Stocks,02123,Goats,2023,2023,An,1425689,A,Official figure,
QCL,Crops and livestock products,368,Iraq,5111,Stocks,02122,Sheep,2023,2023,An,6815047,A,Official figure,
QCL,Crops and livestock products,372,Ireland,5111,Stocks,02112,Buffalo,2023,2023,An,0,A,Official figure,
QCL,Crops and livestock products,372,Ireland,5111,Stocks,02111,Cattle,2023,2023,An,6525960,A,Official figure,
QCL,Crops and livestock products,372,Ireland,5111,Stocks,02122,Sheep,2023,2023,An,3740910,A,Official figure,
QCL,Crops and livestock products,372,Ireland,5111,Stocks,02140,Swine / pigs,2023,2023,An,1407610,A,Official figure,
QCL,Crops and livestock products,376,Israel,5111,Stocks,02121.01,Camels,2023,2023,An,5619,I,Imputed value,
QCL,Crops and livestock products,376,Israel,5111,Stocks,02111,Cattle,2023,2023,An,580059,A,Official figure,
QCL,Crops and livestock products,376,Israel,5111,Stocks,02123,Goats,2023,2023,An,114127,A,Official figure,
QCL,Crops and livestock products,376,Israel,5111,Stocks,02122,Sheep,2023,2023,An,500000,A,Official figure,
QCL,Crops and livestock products,376,Israel,5111,Stocks,02140,Swine / pigs,2023,2023,An,133004,A,Official figure,
QCL,Crops and livestock products,380,Italy,5111,Stocks,02112,Buffalo,2023,2023,An,416000,A,Official figure,
QCL,Crops and livestock products,380,Italy,5111,Stocks,02111,Cattle,2023,2023,An,5999000,A,Official figure,
QCL,Crops and livestock products,380,Italy,5111,Stocks,02123,Goats,2023,2023,An,980000,A,Official figure,
QCL,Crops and livestock products,380,Italy,5111,Stocks,02122,Sheep,2023,2023,An,6497000,A,Official figure,
QCL,Crops and livestock products,380,Italy,5111,Stocks,02140,Swine / pigs,2023,2023,An,9171000,A,Official figure,
QCL,Crops and livestock products,388,Jamaica,5111,Stocks,02111,Cattle,2023,2023,An,151499,I,Imputed value,
QCL,Crops and livestock products,388,Jamaica,5111,Stocks,02123,Goats,2023,2023,An,594116,I,Imputed value,
QCL,Crops and livestock products,388,Jamaica,5111,Stocks,02122,Sheep,2023,2023,An,1308,I,Imputed value,
QCL,Crops and livestock products,388,Jamaica,5111,Stocks,02140,Swine / pigs,2023,2023,An,218431,I,Imputed value,
QCL,Crops and livestock products,392,Japan,5111,Stocks,02111,Cattle,2023,2023,An,4043000,A,Official figure,
QCL,Crops and livestock products,392,Japan,5111,Stocks,02123,Goats,2023,2023,An,17559,I,Imputed value,
QCL,Crops and livestock products,392,Japan,5111,Stocks,02122,Sheep,2023,2023,An,14954,E,Estimated value,
QCL,Crops and livestock products,392,Japan,5111,Stocks,02140,Swine / pigs,2023,2023,An,8956000,A,Official figure,
QCL,Crops and livestock products,400,Jordan,5111,Stocks,02112,Buffalo,2023,2023,An,93,I,Imputed value,
QCL,Crops and livestock products,400,Jordan,5111,Stocks,02121.01,Camels,2023,2023,An,13788,E,Estimated value,
QCL,Crops and livestock products,400,Jordan,5111,Stocks,02111,Cattle,2023,2023,An,79277,E,Estimated value,
QCL,Crops and livestock products,400,Jordan,5111,Stocks,02123,Goats,2023,2023,An,766634,E,Estimated value,
QCL,Crops and livestock products,400,Jordan,5111,Stocks,02122,Sheep,2023,2023,An,2934462,I,Imputed value,
QCL,Crops and livestock products,398,Kazakhstan,5111,Stocks,02112,Buffalo,2023,2023,An,9486,I,Imputed value,
QCL,Crops and livestock products,398,Kazakhstan,5111,Stocks,02121.01,Camels,2023,2023,An,264936,A,Official figure,
QCL,Crops and livestock products,398,Kazakhstan,5111,Stocks,02111,Cattle,2023,2023,An,6616836,A,Official figure,
QCL,Crops and livestock products,398,Kazakhstan,5111,Stocks,02123,Goats,2023,2023,An,1705701,A,Official figure,
QCL,Crops and livestock products,398,Kazakhstan,5111,Stocks,02122,Sheep,2023,2023,An,16961692,A,Official figure,
QCL,Crops and livestock products,398,Kazakhstan,5111,Stocks,02140,Swine / pigs,2023,2023,An,483288,A,Official figure,
QCL,Crops and livestock products,404,Kenya,5111,Stocks,02121.01,Camels,2023,2023,An,4284497,A,Official figure,
QCL,Crops and livestock products,404,Kenya,5111,Stocks,02111,Cattle,2023,2023,An,21882008,A,Official figure,
QCL,Crops and livestock products,404,Kenya,5111,Stocks,02123,Goats,2023,2023,An,34989347,A,Official figure,
QCL,Crops and livestock products,404,Kenya,5111,Stocks,02122,Sheep,2023,2023,An,23208541,A,Official figure,
QCL,Crops and livestock products,404,Kenya,5111,Stocks,02140,Swine / pigs,2023,2023,An,840160,A,Official figure,
QCL,Crops and livestock products,296,Kiribati,5111,Stocks,02140,Swine / pigs,2023,2023,An,15409,E,Estimated value,
QCL,Crops and livestock products,414,Kuwait,5111,Stocks,02121.01,Camels,2023,2023,An,16604,I,Imputed value,
QCL,Crops and livestock products,414,Kuwait,5111,Stocks,02111,Cattle,2023,2023,An,33512,I,Imputed value,
QCL,Crops and livestock products,414,Kuwait,5111,Stocks,02123,Goats,2023,2023,An,219045,E,Estimated value,
QCL,Crops and livestock products,414,Kuwait,5111,Stocks,02122,Sheep,2023,2023,An,734585,E,Estimated value,
QCL,Crops and livestock products,417,Kyrgyzstan,5111,Stocks,02121.01,Camels,2023,2023,An,219,A,Official figure,
QCL,Crops and livestock products,417,Kyrgyzstan,5111,Stocks,02111,Cattle,2023,2023,An,1802299,A,Official figure,
QCL,Crops and livestock products,417,Kyrgyzstan,5111,Stocks,02123,Goats,2023,2023,An,662917,A,Official figure,
QCL,Crops and livestock products,417,Kyrgyzstan,5111,Stocks,02122,Sheep,2023,2023,An,5553208,A,Official figure,
QCL,Crops and livestock products,417,Kyrgyzstan,5111,Stocks,02140,Swine / pigs,2023,2023,An,29676,A,Official figure,
QCL,Crops and livestock products,418,Lao People's Democratic Republic,5111,Stocks,02112,Buffalo,2023,2023,An,1211949,I,Imputed value,
QCL,Crops and livestock products,418,Lao People's Democratic Republic,5111,Stocks,02111,Cattle,2023,2023,An,2542707,I,Imputed value,
QCL,Crops and livestock products,418,Lao People's Democratic Republic,5111,Stocks,02123,Goats,2023,2023,An,786965,I,Imputed value,
QCL,Crops and livestock products,418,Lao People's Democratic Republic,5111,Stocks,02140,Swine / pigs,2023,2023,An,4525574,I,Imputed value,
QCL,Crops and livestock products,428,Latvia,5111,Stocks,02112,Buffalo,2023,2023,An,0,A,Official figure,
QCL,Crops and livestock products,428,Latvia,5111,Stocks,02111,Cattle,2023,2023,An,368060,A,Official figure,
QCL,Crops and livestock products,428,Latvia,5111,Stocks,02123,Goats,2023,2023,An,10340,A,Official figure,
QCL,Crops and livestock products,428,Latvia,5111,Stocks,02122,Sheep,2023,2023,An,78300,A,Official figure,
QCL,Crops and livestock products,428,Latvia,5111,Stocks,02140,Swine / pigs,2023,2023,An,289980,A,Official figure,
QCL,Crops and livestock products,422,Lebanon,5111,Stocks,02121.01,Camels,2023,2023,An,131,I,Imputed value,
QCL,Crops and livestock products,422,Lebanon,5111,Stocks,02111,Cattle,2023,2023,An,86991,I,Imputed value,
QCL,Crops and livestock products,422,Lebanon,5111,Stocks,02123,Goats,2023,2023,An,523669,I,Imputed value,
QCL,Crops and livestock products,422,Lebanon,5111,Stocks,02122,Sheep,2023,2023,An,434209,E,Estimated value,
QCL,Crops and livestock products,422,Lebanon,5111,Stocks,02140,Swine / pigs,2023,2023,An,7442,I,Imputed value,
QCL,Crops and livestock products,426,Lesotho,5111,Stocks,02111,Cattle,2023,2023,An,404351,E,Estimated value,
QCL,Crops and livestock products,426,Lesotho,5111,Stocks,02123,Goats,2023,2023,An,621885,E,Estimated value,
QCL,Crops and livestock products,426,Lesotho,5111,Stocks,02122,Sheep,2023,2023,An,1467491,E,Estimated value,
QCL,Crops and livestock products,426,Lesotho,5111,Stocks,02140,Swine / pigs,2023,2023,An,35718,E,Estimated value,
QCL,Crops and livestock products,430,Liberia,5111,Stocks,02111,Cattle,2023,2023,An,44868,E,Estimated value,
QCL,Crops and livestock products,430,Liberia,5111,Stocks,02123,Goats,2023,2023,An,349517,I,Imputed value,
QCL,Crops and livestock products,430,Liberia,5111,Stocks,02122,Sheep,2023,2023,An,287717,E,Estimated value,
QCL,Crops and livestock products,430,Liberia,5111,Stocks,02140,Swine / pigs,2023,2023,An,287223,I,Imputed value,
QCL,Crops and livestock products,434,Libya,5111,Stocks,02121.01,Camels,2023,2023,An,62852,I,Imputed value,
QCL,Crops and livestock products,434,Libya,5111,Stocks,02111,Cattle,2023,2023,An,211263,E,Estimated value,
QCL,Crops and livestock products,434,Libya,5111,Stocks,02123,Goats,2023,2023,An,2719322,I,Imputed value,
QCL,Crops and livestock products,434,Libya,5111,Stocks,02122,Sheep,2023,2023,An,7528420,I,Imputed value,
QCL,Crops and livestock products,440,Lithuania,5111,Stocks,02112,Buffalo,2023,2023,An,0,A,Official figure,
QCL,Crops and livestock products,440,Lithuania,5111,Stocks,02111,Cattle,2023,2023,An,623520,A,Official figure,
QCL,Crops and livestock products,440,Lithuania,5111,Stocks,02123,Goats,2023,2023,An,13980,A,Official figure,
QCL,Crops and livestock products,440,Lithuania,5111,Stocks,02122,Sheep,2023,2023,An,127880,A,Official figure,
QCL,Crops and livestock products,440,Lithuania,5111,Stocks,02140,Swine / pigs,2023,2023,An,497090,A,Official figure,
QCL,Crops and livestock products,442,Luxembourg,5111,Stocks,02112,Buffalo,2023,2023,An,0,A,Official figure,
QCL,Crops and livestock products,442,Luxembourg,5111,Stocks,02111,Cattle,2023,2023,An,183560,A,Official figure,
QCL,Crops and livestock products,442,Luxembourg,5111,Stocks,02140,Swine / pigs,2023,2023,An,65200,A,Official figure,
QCL,Crops and livestock products,450,Madagascar,5111,Stocks,02111,Cattle,2023,2023,An,7520290,E,Estimated value,
QCL,Crops and livestock products,450,Madagascar,5111,Stocks,02123,Goats,2023,2023,An,2019044,I,Imputed value,
QCL,Crops and livestock products,450,Madagascar,5111,Stocks,02122,Sheep,2023,2023,An,957575,I,Imputed value,
QCL,Crops and livestock products,450,Madagascar,5111,Stocks,02140,Swine / pigs,2023,2023,An,2326598,I,Imputed value,
QCL,Crops and livestock products,454,Malawi,5111,Stocks,02111,Cattle,2023,2023,An,2170565,I,Imputed value,
QCL,Crops and livestock products,454,Malawi,5111,Stocks,02123,Goats,2023,2023,An,12550986,I,Imputed value,
QCL,Crops and livestock products,454,Malawi,5111,Stocks,02122,Sheep,2023,2023,An,366313,I,Imputed value,
QCL,Crops and livestock products,454,Malawi,5111,Stocks,02140,Swine / pigs,2023,2023,An,9030871,I,Imputed value,
QCL,Crops and livestock products,458,Malaysia,5111,Stocks,02112,Buffalo,2023,2023,An,72565,A,Official figure,
QCL,Crops and livestock products,458,Malaysia,5111,Stocks,02111,Cattle,2023,2023,An,726206,A,Official figure,
QCL,Crops and livestock products,458,Malaysia,5111,Stocks,02123,Goats,2023,2023,An,338260,A,Official figure,
QCL,Crops and livestock products,458,Malaysia,5111,Stocks,02122,Sheep,2023,2023,An,141029,A,Official figure,
QCL,Crops and livestock products,458,Malaysia,5111,Stocks,02140,Swine / pigs,2023,2023,An,1240224,A,Official figure,
QCL,Crops and livestock products,466,Mali,5111,Stocks,02121.01,Camels,2023,2023,An,1343399,A,Official figure,
QCL,Crops and livestock products,466,Mali,5111,Stocks,02111,Cattle,2023,2023,An,13631182,A,Official figure,
QCL,Crops and livestock products,466,Mali,5111,Stocks,02123,Goats,2023,2023,An,32194191,A,Official figure,
QCL,Crops and livestock products,466,Mali,5111,Stocks,02122,Sheep,2023,2023,An,23317665,A,Official figure,
QCL,Crops and livestock products,466,Mali,5111,Stocks,02140,Swine / pigs,2023,2023,An,90394,A,Official figure,
QCL,Crops and livestock products,470,Malta,5111,Stocks,02112,Buffalo,2023,2023,An,0,A,Official figure,
QCL,Crops and livestock products,470,Malta,5111,Stocks,02111,Cattle,2023,2023,An,14230,A,Official figure,
QCL,Crops and livestock products,470,Malta,5111,Stocks,02123,Goats,2023,2023,An,6560,A,Official figure,
QCL,Crops and livestock products,470,Malta,5111,Stocks,02122,Sheep,2023,2023,An,13990,A,Official figure,
QCL,Crops and livestock products,470,Malta,5111,Stocks,02140,Swine / pigs,2023,2023,An,35790,A,Official figure,
QCL,Crops and livestock products,478,Mauritania,5111,Stocks,02121.01,Camels,2023,2023,An,1539202,E,Estimated value,
QCL,Crops and livestock products,478,Mauritania,5111,Stocks,02111,Cattle,2023,2023,An,1968393,E,Estimated value,
QCL,Crops and livestock products,478,Mauritania,5111,Stocks,02123,Goats,2023,2023,An,7258755,E,Estimated value,
QCL,Crops and livestock products,478,Mauritania,5111,Stocks,02122,Sheep,2023,2023,An,11382264,E,Estimated value,
QCL,Crops and livestock products,480,Mauritius,5111,Stocks,02112,Buffalo,2023,2023,An,25,I,Imputed value,
QCL,Crops and livestock products,480,Mauritius,5111,Stocks,02111,Cattle,2023,2023,An,3400,E,Estimated value,
QCL,Crops and livestock products,480,Mauritius,5111,Stocks,02123,Goats,2023,2023,An,21894,I,Imputed value,
QCL,Crops and livestock products,480,Mauritius,5111,Stocks,02122,Sheep,2023,2023,An,3950,I,Imputed value,
QCL,Crops and livestock products,480,Mauritius,5111,Stocks,02140,Swine / pigs,2023,2023,An,21238,I,Imputed value,
QCL,Crops and livestock products,484,Mexico,5111,Stocks,02111,Cattle,2023,2023,An,36619592,A,Official figure,
QCL,Crops and livestock products,484,Mexico,5111,Stocks,02123,Goats,2023,2023,An,8840467,A,Official figure,
QCL,Crops and livestock products,484,Mexico,5111,Stocks,02122,Sheep,2023,2023,An,8836730,A,Official figure,
QCL,Crops and livestock products,484,Mexico,5111,Stocks,02140,Swine / pigs,2023,2023,An,19532854,A,Official figure,
QCL,Crops and livestock products,583,Micronesia (Federated States of),5111,Stocks,02112,Buffalo,2023,2023,An,168,I,Imputed value,
QCL,Crops and livestock products,583,Micronesia (Federated States of),5111,Stocks,02111,Cattle,2023,2023,An,17888,E,Estimated value,
QCL,Crops and livestock products,583,Micronesia (Federated States of),5111,Stocks,02123,Goats,2023,2023,An,4893,E,Estimated value,
QCL,Crops and livestock products,583,Micronesia (Federated States of),5111,Stocks,02140,Swine / pigs,2023,2023,An,38963,E,Estimated value,
QCL,Crops and livestock products,496,Mongolia,5111,Stocks,02121.01,Camels,2023,2023,An,473853,A,Official figure,
QCL,Crops and livestock products,496,Mongolia,5111,Stocks,02111,Cattle,2023,2023,An,5350755,A,Official figure,
QCL,Crops and livestock products,496,Mongolia,5111,Stocks,02123,Goats,2023,2023,An,24618228,A,Official figure,
QCL,Crops and livestock products,496,Mongolia,5111,Stocks,02122,Sheep,2023,2023,An,29409352,A,Official figure,
QCL,Crops and livestock products,496,Mongolia,5111,Stocks,02140,Swine / pigs,2023,2023,An,25636,A,Official figure,
QCL,Crops and livestock products,499,Montenegro,5111,Stocks,02111,Cattle,2023,2023,An,69298,I,Imputed value,
QCL,Crops and livestock products,499,Montenegro,5111,Stocks,02123,Goats,2023,2023,An,29217,I,Imputed value,
QCL,Crops and livestock products,499,Montenegro,5111,Stocks,02122,Sheep,2023,2023,An,167958,E,Estimated value,
QCL,Crops and livestock products,499,Montenegro,5111,Stocks,02140,Swine / pigs,2023,2023,An,24883,E,Estimated value,
QCL,Crops and livestock products,504,Morocco,5111,Stocks,02121.01,Camels,2023,2023,An,65505,I,Imputed value,
QCL,Crops and livestock products,504,Morocco,5111,Stocks,02111,Cattle,2023,2023,An,2883867,A,Official figure,
QCL,Crops and livestock products,504,Morocco,5111,Stocks,02123,Goats,2023,2023,An,5635894,A,Official figure,
QCL,Crops and livestock products,504,Morocco,5111,Stocks,02122,Sheep,2023,2023,An,20660585,A,Official figure,
QCL,Crops and livestock products,504,Morocco,5111,Stocks,02140,Swine / pigs,2023,2023,An,7876,I,Imputed value,
QCL,Crops and livestock products,508,Mozambique,5111,Stocks,02111,Cattle,2023,2023,An,2406285,A,Official figure,
QCL,Crops and livestock products,508,Mozambique,5111,Stocks,02123,Goats,2023,2023,An,4101030,A,Official figure,
QCL,Crops and livestock products,508,Mozambique,5111,Stocks,02122,Sheep,2023,2023,An,229764,A,Official figure,
QCL,Crops and livestock products,508,Mozambique,5111,Stocks,02140,Swine / pigs,2023,2023,An,1175399,A,Official figure,
QCL,Crops and livestock products,104,Myanmar,5111,Stocks,02112,Buffalo,2023,2023,An,2075000,E,Estimated value,
QCL,Crops and livestock products,104,Myanmar,5111,Stocks,02111,Cattle,2023,2023,An,10800000,E,Estimated value,
QCL,Crops and livestock products,104,Myanmar,5111,Stocks,02123,Goats,2023,2023,An,2300000,E,Estimated value,
QCL,Crops and livestock products,104,Myanmar,5111,Stocks,02122,Sheep,2023,2023,An,540000,E,Estimated value,
QCL,Crops and livestock products,104,Myanmar,5111,Stocks,02140,Swine / pigs,2023,2023,An,7800000,E,Estimated value,
QCL,Crops and livestock products,516,Namibia,5111,Stocks,02121.01,Camels,2023,2023,An,96,I,Imputed value,
QCL,Crops and livestock products,516,Namibia,5111,Stocks,02111,Cattle,2023,2023,An,3600000,E,Estimated value,
QCL,Crops and livestock products,516,Namibia,5111,Stocks,02123,Goats,2023,2023,An,1896452,I,Imputed value,
QCL,Crops and livestock products,516,Namibia,5111,Stocks,02122,Sheep,2023,2023,An,2264782,I,Imputed value,
QCL,Crops and livestock products,516,Namibia,5111,Stocks,02140,Swine / pigs,2023,2023,An,98603,I,Imputed value,
QCL,Crops and livestock products,520,Nauru,5111,Stocks,02140,Swine / pigs,2023,2023,An,3029,I,Imputed value,
QCL,Crops and livestock products,524,Nepal,5111,Stocks,02112,Buffalo,2023,2023,An,3081062,A,Official figure,
QCL,Crops and livestock products,524,Nepal,5111,Stocks,02111,Cattle,2023,2023,An,4750329,A,Official figure,
QCL,Crops and livestock products,524,Nepal,5111,Stocks,02123,Goats,2023,2023,An,14541244,A,Official figure,
QCL,Crops and livestock products,524,Nepal,5111,Stocks,02122,Sheep,2023,2023,An,501849,A,Official figure,
QCL,Crops and livestock products,524,Nepal,5111,Stocks,02140,Swine / pigs,2023,2023,An,1357507,A,Official figure,
QCL,Crops and livestock products,528,Netherlands (Kingdom of the),5111,Stocks,02112,Buffalo,2023,2023,An,0,A,Official figure,
QCL,Crops and livestock products,528,Netherlands (Kingdom of the),5111,Stocks,02111,Cattle,2023,2023,An,3739000,A,Official figure,
QCL,Crops and livestock products,528,Netherlands (Kingdom of the),5111,Stocks,02123,Goats,2023,2023,An,566000,A,Official figure,
QCL,Crops and livestock products,528,Netherlands (Kingdom of the),5111,Stocks,02122,Sheep,2023,2023,An,665000,A,Official figure,
QCL,Crops and livestock products,528,Netherlands (Kingdom of the),5111,Stocks,02140,Swine / pigs,2023,2023,An,10375000,A,Official figure,
QCL,Crops and livestock products,540,New Caledonia,5111,Stocks,02111,Cattle,2023,2023,An,79729,I,Imputed value,
QCL,Crops and livestock products,540,New Caledonia,5111,Stocks,02123,Goats,2023,2023,An,1648,E,Estimated value,
QCL,Crops and livestock products,540,New Caledonia,5111,Stocks,02122,Sheep,2023,2023,An,2021,E,Estimated value,
QCL,Crops and livestock products,540,New Caledonia,5111,Stocks,02140,Swine / pigs,2023,2023,An,37474,I,Imputed value,
QCL,Crops and livestock products,554,New Zealand,5111,Stocks,02111,Cattle,2023,2023,An,9538661,A,Official figure,
QCL,Crops and livestock products,554,New Zealand,5111,Stocks,02123,Goats,2023,2023,An,60953,I,Imputed value,
QCL,Crops and livestock products,554,New Zealand,5111,Stocks,02122,Sheep,2023,2023,An,24359267,A,Official figure,
QCL,Crops and livestock products,554,New Zealand,5111,Stocks,02140,Swine / pigs,2023,2023,An,249796,A,Official figure,
QCL,Crops and livestock products,558,Nicaragua,5111,Stocks,02111,Cattle,2023,2023,An,5552814,I,Imputed value,
QCL,Crops and livestock products,558,Nicaragua,5111,Stocks,02123,Goats,2023,2023,An,8005,E,Estimated value,
QCL,Crops and livestock products,558,Nicaragua,5111,Stocks,02122,Sheep,2023,2023,An,6933,I,Imputed value,
QCL,Crops and livestock products,558,Nicaragua,5111,Stocks,02140,Swine / pigs,2023,2023,An,657839,I,Imputed value,
QCL,Crops and livestock products,562,Niger,5111,Stocks,02121.01,Camels,2023,2023,An,1930482,I,Imputed value,
QCL,Crops and livestock products,562,Niger,5111,Stocks,02111,Cattle,2023,2023,An,17126638,E,Estimated value,
QCL,Crops and livestock products,562,Niger,5111,Stocks,02123,Goats,2023,2023,An,19595793,E,Estimated value,
QCL,Crops and livestock products,562,Niger,5111,Stocks,02122,Sheep,2023,2023,An,14138167,E,Estimated value,
QCL,Crops and livestock products,562,Niger,5111,Stocks,02140,Swine / pigs,2023,2023,An,43283,I,Imputed value,
QCL,Crops and livestock products,566,Nigeria,5111,Stocks,02121.01,Camels,2023,2023,An,280019,I,Imputed value,
QCL,Crops and livestock products,566,Nigeria,5111,Stocks,02111,Cattle,2023,2023,An,20906596,I,Imputed value,
QCL,Crops and livestock products,566,Nigeria,5111,Stocks,02123,Goats,2023,2023,An,89294278,I,Imputed value,
QCL,Crops and livestock products,566,Nigeria,5111,Stocks,02122,Sheep,2023,2023,An,51420432,I,Imputed value,
QCL,Crops and livestock products,566,Nigeria,5111,Stocks,02140,Swine / pigs,2023,2023,An,9480241,I,Imputed value,
QCL,Crops and livestock products,570,Niue,5111,Stocks,02111,Cattle,2023,2023,An,113,I,Imputed value,
QCL,Crops and livestock products,570,Niue,5111,Stocks,02140,Swine / pigs,2023,2023,An,2330,I,Imputed value,
QCL,Crops and livestock products,807,North Macedonia,5111,Stocks,02112,Buffalo,2023,2023,An,635,I,Imputed value,
QCL,Crops and livestock products,807,North Macedonia,5111,Stocks,02111,Cattle,2023,2023,An,148693,A,Official figure,
QCL,Crops and livestock products,807,North Macedonia,5111,Stocks,02123,Goats,2023,2023,An,85528,A,Official figure,
QCL,Crops and livestock products,807,North Macedonia,5111,Stocks,02122,Sheep,2023,2023,An,587073,A,Official figure,
QCL,Crops and livestock products,807,North Macedonia,5111,Stocks,02140,Swine / pigs,2023,2023,An,193412,A,Official figure,
QCL,Crops and livestock products,578,Norway,5111,Stocks,02111,Cattle,2023,2023,An,875600,A,Official figure,
QCL,Crops and livestock products,578,Norway,5111,Stocks,02123,Goats,2023,2023,An,71800,A,Official figure,
QCL,Crops and livestock products,578,Norway,5111,Stocks,02122,Sheep,2023,2023,An,2191100,A,Official figure,
QCL,Crops and livestock products,578,Norway,5111,Stocks,02140,Swine / pigs,2023,2023,An,732000,A,Official figure,
QCL,Crops and livestock products,512,Oman,5111,Stocks,02121.01,Camels,2023,2023,An,296035,A,Official figure,
QCL,Crops and livestock products,512,Oman,5111,Stocks,02111,Cattle,2023,2023,An,438997,A,Official figure,
QCL,Crops and livestock products,512,Oman,5111,Stocks,02123,Goats,2023,2023,An,2541853,A,Official figure,
QCL,Crops and livestock products,512,Oman,5111,Stocks,02122,Sheep,2023,2023,An,668280,A,Official figure,
QCL,Crops and livestock products,586,Pakistan,5111,Stocks,02112,Buffalo,2023,2023,An,44974000,A,Official figure,
QCL,Crops and livestock products,586,Pakistan,5111,Stocks,02121.01,Camels,2023,2023,An,1148000,A,Official figure,
QCL,Crops and livestock products,586,Pakistan,5111,Stocks,02111,Cattle,2023,2023,An,55450000,A,Official figure,
QCL,Crops and livestock products,586,Pakistan,5111,Stocks,02123,Goats,2023,2023,An,84738000,A,Official figure,
QCL,Crops and livestock products,586,Pakistan,5111,Stocks,02122,Sheep,2023,2023,An,32347000,A,Official figure,
QCL,Crops and livestock products,275,Palestine,5111,Stocks,02111,Cattle,2023,2023,An,44597,I,Imputed value,
QCL,Crops and livestock products,275,Palestine,5111,Stocks,02123,Goats,2023,2023,An,231245,I,Imputed value,
QCL,Crops and livestock products,275,Palestine,5111,Stocks,02122,Sheep,2023,2023,An,801273,I,Imputed value,
QCL,Crops and livestock products,591,Panama,5111,Stocks,02111,Cattle,2023,2023,An,1518656,A,Official figure,
QCL,Crops and livestock products,591,Panama,5111,Stocks,02123,Goats,2023,2023,An,9174,I,Imputed value,
QCL,Crops and livestock products,591,Panama,5111,Stocks,02140,Swine / pigs,2023,2023,An,420058,A,Official figure,
QCL,Crops and livestock products,598,Papua New Guinea,5111,Stocks,02111,Cattle,2023,2023,An,91834,I,Imputed value,
QCL,Crops and livestock products,598,Papua New Guinea,5111,Stocks,02123,Goats,2023,2023,An,3149,I,Imputed value,
QCL,Crops and livestock products,598,Papua New Guinea,5111,Stocks,02122,Sheep,2023,2023,An,7523,E,Estimated value,
QCL,Crops and livestock products,598,Papua New Guinea,5111,Stocks,02140,Swine / pigs,2023,2023,An,2137122,E,Estimated value,
QCL,Crops and livestock products,600,Paraguay,5111,Stocks,02111,Cattle,2023,2023,An,13526256,I,Imputed value,
QCL,Crops and livestock products,600,Paraguay,5111,Stocks,02123,Goats,2023,2023,An,114026,I,Imputed value,
QCL,Crops and livestock products,600,Paraguay,5111,Stocks,02122,Sheep,2023,2023,An,327100,I,Imputed value,
QCL,Crops and livestock products,600,Paraguay,5111,Stocks,02140,Swine / pigs,2023,2023,An,1330302,E,Estimated value,
QCL,Crops and livestock products,604,Peru,5111,Stocks,02111,Cattle,2023,2023,An,5876213,A,Official figure,
QCL,Crops and livestock products,604,Peru,5111,Stocks,02123,Goats,2023,2023,An,1764665,A,Official figure,
QCL,Crops and livestock products,604,Peru,5111,Stocks,02121.02,Other camelids,2023,2023,An,5624334,I,Imputed value,
QCL,Crops and livestock products,604,Peru,5111,Stocks,02122,Sheep,2023,2023,An,11283007,A,Official figure,
QCL,Crops and livestock products,604,Peru,5111,Stocks,02140,Swine / pigs,2023,2023,An,3467015,A,Official figure,
QCL,Crops and livestock products,608,Philippines,5111,Stocks,02112,Buffalo,2023,2023,An,2776115,A,Official figure,
QCL,Crops and livestock products,608,Philippines,5111,Stocks,02111,Cattle,2023,2023,An,2581371,A,Official figure,
QCL,Crops and livestock products,608,Philippines,5111,Stocks,02123,Goats,2023,2023,An,3902482,A,Official figure,
QCL,Crops and livestock products,608,Philippines,5111,Stocks,02122,Sheep,2023,2023,An,30000,I,Imputed value,
QCL,Crops and livestock products,608,Philippines,5111,Stocks,02140,Swine / pigs,2023,2023,An,9765636,A,Official figure,
QCL,Crops and livestock products,616,Poland,5111,Stocks,02112,Buffalo,2023,2023,An,620,A,Official figure,
QCL,Crops and livestock products,616,Poland,5111,Stocks,02111,Cattle,2023,2023,An,6267460,A,Official figure,
QCL,Crops and livestock products,616,Poland,5111,Stocks,02123,Goats,2023,2023,An,60897,A,Official figure,
QCL,Crops and livestock products,616,Poland,5111,Stocks,02122,Sheep,2023,2023,An,270492,A,Official figure,
QCL,Crops and livestock products,616,Poland,5111,Stocks,02140,Swine / pigs,2023,2023,An,9769700,A,Official figure,
QCL,Crops and livestock products,620,Portugal,5111,Stocks,02112,Buffalo,2023,2023,An,0,A,Official figure,
QCL,Crops and livestock products,620,Portugal,5111,Stocks,02111,Cattle,2023,2023,An,1527720,A,Official figure,
QCL,Crops and livestock products,620,Portugal,5111,Stocks,02123,Goats,2023,2023,An,335620,A,Official figure,
QCL,Crops and livestock products,620,Portugal,5111,Stocks,02122,Sheep,2023,2023,An,2216700,A,Official figure,
QCL,Crops and livestock products,620,Portugal,5111,Stocks,02140,Swine / pigs,2023,2023,An,2181040,A,Official figure,
QCL,Crops and livestock products,630,Puerto Rico,5111,Stocks,02111,Cattle,2023,2023,An,225681,E,Estimated value,
QCL,Crops and livestock products,630,Puerto Rico,5111,Stocks,02123,Goats,2023,2023,An,3335,I,Imputed value,
QCL,Crops and livestock products,630,Puerto Rico,5111,Stocks,02122,Sheep,2023,2023,An,16549,I,Imputed value,
QCL,Crops and livestock products,630,Puerto Rico,5111,Stocks,02140,Swine / pigs,2023,2023,An,41557,E,Estimated value,
QCL,Crops and livestock products,634,Qatar,5111,Stocks,02121.01,Camels,2023,2023,An,100726,A,Official figure,
QCL,Crops and livestock products,634,Qatar,5111,Stocks,02111,Cattle,2023,2023,An,43977,A,Official figure,
QCL,Crops and livestock products,634,Qatar,5111,Stocks,02123,Goats,2023,2023,An,372262,A,Official figure,
QCL,Crops and livestock products,634,Qatar,5111,Stocks,02122,Sheep,2023,2023,An,810601,A,Official figure,
QCL,Crops and livestock products,410,Republic of Korea,5111,Stocks,02111,Cattle,2023,2023,An,4035076,A,Official figure,
QCL,Crops and livestock products,410,Republic of Korea,5111,Stocks,02123,Goats,2023,2023,An,322919,E,Estimated value,
QCL,Crops and livestock products,410,Republic of Korea,5111,Stocks,02122,Sheep,2023,2023,An,1338,E,Estimated value,
QCL,Crops and livestock products,410,Republic of Korea,5111,Stocks,02140,Swine / pigs,2023,2023,An,11089026,A,Official figure,
QCL,Crops and livestock products,498,Republic of Moldova,5111,Stocks,02111,Cattle,2023,2023,An,101030,A,Official figure,
QCL,Crops and livestock products,498,Republic of Moldova,5111,Stocks,02123,Goats,2023,2023,An,133034,A,Official figure,
QCL,Crops and livestock products,498,Republic of Moldova,5111,Stocks,02122,Sheep,2023,2023,An,416895,A,Official figure,
QCL,Crops and livestock products,498,Republic of Moldova,5111,Stocks,02140,Swine / pigs,2023,2023,An,350717,A,Official figure,
QCL,Crops and livestock products,642,Romania,5111,Stocks,02112,Buffalo,2023,2023,An,16900,A,Official figure,
QCL,Crops and livestock products,642,Romania,5111,Stocks,02111,Cattle,2023,2023,An,1814700,A,Official figure,
QCL,Crops and livestock products,642,Romania,5111,Stocks,02123,Goats,2023,2023,An,1421700,A,Official figure,
QCL,Crops and livestock products,642,Romania,5111,Stocks,02122,Sheep,2023,2023,An,10299500,A,Official figure,
QCL,Crops and livestock products,642,Romania,5111,Stocks,02140,Swine / pigs,2023,2023,An,3154100,A,Official figure,
QCL,Crops and livestock products,643,Russian Federation,5111,Stocks,02112,Buffalo,2023,2023,An,5122,I,Imputed value,
QCL,Crops and livestock products,643,Russian Federation,5111,Stocks,02121.01,Camels,2023,2023,An,5374,I,Imputed value,
QCL,Crops and livestock products,643,Russian Federation,5111,Stocks,02111,Cattle,2023,2023,An,17489037,A,Official figure,
QCL,Crops and livestock products,643,Russian Federation,5111,Stocks,02123,Goats,2023,2023,An,1748200,A,Official figure,
QCL,Crops and livestock products,643,Russian Federation,5111,Stocks,02122,Sheep,2023,2023,An,19083000,A,Official figure,
QCL,Crops and livestock products,643,Russian Federation,5111,Stocks,02140,Swine / pigs,2023,2023,An,27606148,A,Official figure,
QCL,Crops and livestock products,646,Rwanda,5111,Stocks,02111,Cattle,2023,2023,An,1441712,I,Imputed value,
QCL,Crops and livestock products,646,Rwanda,5111,Stocks,02123,Goats,2023,2023,An,1503941,I,Imputed value,
QCL,Crops and livestock products,646,Rwanda,5111,Stocks,02122,Sheep,2023,2023,An,307998,I,Imputed value,
QCL,Crops and livestock products,646,Rwanda,5111,Stocks,02140,Swine / pigs,2023,2023,An,711896,I,Imputed value,
QCL,Crops and livestock products,659,Saint Kitts and Nevis,5111,Stocks,02111,Cattle,2023,2023,An,1739,A,Official figure,
QCL,Crops and livestock products,659,Saint Kitts and Nevis,5111,Stocks,02123,Goats,2023,2023,An,9578,I,Imputed value,
QCL,Crops and livestock products,659,Saint Kitts and Nevis,5111,Stocks,02122,Sheep,2023,2023,An,13174,I,Imputed value,
QCL,Crops and livestock products,659,Saint Kitts and Nevis,5111,Stocks,02140,Swine / pigs,2023,2023,An,3326,I,Imputed value,
QCL,Crops and livestock products,662,Saint Lucia,5111,Stocks,02111,Cattle,2023,2023,An,10540,I,Imputed value,
QCL,Crops and livestock products,662,Saint Lucia,5111,Stocks,02123,Goats,2023,2023,An,14651,E,Estimated value,
QCL,Crops and livestock products,662,Saint Lucia,5111,Stocks,02122,Sheep,2023,2023,An,8828,E,Estimated value,
QCL,Crops and livestock products,662,Saint Lucia,5111,Stocks,02140,Swine / pigs,2023,2023,An,10835,E,Estimated value,
QCL,Crops and livestock products,670,Saint Vincent and the Grenadines,5111,Stocks,02111,Cattle,2023,2023,An,2170,I,Imputed value,
QCL,Crops and livestock products,670,Saint Vincent and the Grenadines,5111,Stocks,02123,Goats,2023,2023,An,10806,I,Imputed value,
QCL,Crops and livestock products,670,Saint Vincent and the Grenadines,5111,Stocks,02122,Sheep,2023,2023,An,7973,I,Imputed value,
QCL,Crops and livestock products,670,Saint Vincent and the Grenadines,5111,Stocks,02140,Swine / pigs,2023,2023,An,6096,I,Imputed value,
QCL,Crops and livestock products,882,Samoa,5111,Stocks,02111,Cattle,2023,2023,An,40113,I,Imputed value,
QCL,Crops and livestock products,882,Samoa,5111,Stocks,02140,Swine / pigs,2023,2023,An,95406,I,Imputed value,
QCL,Crops and livestock products,678,Sao Tome and Principe,5111,Stocks,02111,Cattle,2023,2023,An,1466,E,Estimated value,
QCL,Crops and livestock products,678,Sao Tome and Principe,5111,Stocks,02123,Goats,2023,2023,An,6066,E,Estimated value,
QCL,Crops and livestock products,678,Sao Tome and Principe,5111,Stocks,02122,Sheep,2023,2023,An,3410,I,Imputed value,
QCL,Crops and livestock products,678,Sao Tome and Principe,5111,Stocks,02140,Swine / pigs,2023,2023,An,43927,E,Estimated value,
QCL,Crops and livestock products,682,Saudi Arabia,5111,Stocks,02121.01,Camels,2023,2023,An,1981605,I,Imputed value,
QCL,Crops and livestock products,682,Saudi Arabia,5111,Stocks,02111,Cattle,2023,2023,An,645609,I,Imputed value,
QCL,Crops and livestock products,682,Saudi Arabia,5111,Stocks,02123,Goats,2023,2023,An,6324981,E,Estimated value,
QCL,Crops and livestock products,682,Saudi Arabia,5111,Stocks,02122,Sheep,2023,2023,An,18946715,E,Estimated value,
QCL,Crops and livestock products,686,Senegal,5111,Stocks,02121.01,Camels,2023,2023,An,5254,I,Imputed value,
QCL,Crops and livestock products,686,Senegal,5111,Stocks,02111,Cattle,2023,2023,An,3766238,I,Imputed value,
QCL,Crops and livestock products,686,Senegal,5111,Stocks,02123,Goats,2023,2023,An,6488404,E,Estimated value,
QCL,Crops and livestock products,686,Senegal,5111,Stocks,02122,Sheep,2023,2023,An,8196297,I,Imputed value,
QCL,Crops and livestock products,686,Senegal,5111,Stocks,02140,Swine / pigs,2023,2023,An,503617,I,Imputed value,
QCL,Crops and livestock products,688,Serbia,5111,Stocks,02111,Cattle,2023,2023,An,725408,A,Official figure,
QCL,Crops and livestock products,688,Serbia,5111,Stocks,02123,Goats,2023,2023,An,147077,A,Official figure,
QCL,Crops and livestock products,688,Serbia,5111,Stocks,02122,Sheep,2023,2023,An,1716809,A,Official figure,
QCL,Crops and livestock products,688,Serbia,5111,Stocks,02140,Swine / pigs,2023,2023,An,2140989,A,Official figure,
QCL,Crops and livestock products,690,Seychelles,5111,Stocks,02111,Cattle,2023,2023,An,501,I,Imputed value,
QCL,Crops and livestock products,690,Seychelles,5111,Stocks,02123,Goats,2023,2023,An,5851,I,Imputed value,
QCL,Crops and livestock products,690,Seychelles,5111,Stocks,02140,Swine / pigs,2023,2023,An,7710,I,Imputed value,
QCL,Crops and livestock products,694,Sierra Leone,5111,Stocks,02111,Cattle,2023,2023,An,667117,E,Estimated value,
QCL,Crops and livestock products,694,Sierra Leone,5111,Stocks,02123,Goats,2023,2023,An,897661,I,Imputed value,
QCL,Crops and livestock products,694,Sierra Leone,5111,Stocks,02122,Sheep,2023,2023,An,1005267,E,Estimated value,
QCL,Crops and livestock products,694,Sierra Leone,5111,Stocks,02140,Swine / pigs,2023,2023,An,238597,E,Estimated value,
QCL,Crops and livestock products,702,Singapore,5111,Stocks,02112,Buffalo,2023,2023,An,,M,"Missing value (data cannot exist, not applicable)",
QCL,Crops and livestock products,702,Singapore,5111,Stocks,02111,Cattle,2023,2023,An,178,E,Estimated value,
QCL,Crops and livestock products,702,Singapore,5111,Stocks,02123,Goats,2023,2023,An,753,E,Estimated value,
QCL,Crops and livestock products,702,Singapore,5111,Stocks,02140,Swine / pigs,2023,2023,An,,M,"Missing value (data cannot exist, not applicable)",
QCL,Crops and livestock products,703,Slovakia,5111,Stocks,02112,Buffalo,2023,2023,An,0,A,Official figure,
QCL,Crops and livestock products,703,Slovakia,5111,Stocks,02111,Cattle,2023,2023,An,429720,A,Official figure,
QCL,Crops and livestock products,703,Slovakia,5111,Stocks,02122,Sheep,2023,2023,An,289849,A,Official figure,
QCL,Crops and livestock products,703,Slovakia,5111,Stocks,02140,Swine / pigs,2023,2023,An,403040,A,Official figure,
QCL,Crops and livestock products,705,Slovenia,5111,Stocks,02112,Buffalo,2023,2023,An,0,A,Official figure,
QCL,Crops and livestock products,705,Slovenia,5111,Stocks,02111,Cattle,2023,2023,An,456050,A,Official figure,
QCL,Crops and livestock products,705,Slovenia,5111,Stocks,02123,Goats,2023,2023,An,26824,A,Official figure,
QCL,Crops and livestock products,705,Slovenia,5111,Stocks,02122,Sheep,2023,2023,An,116323,A,Official figure,
QCL,Crops and livestock products,705,Slovenia,5111,Stocks,02140,Swine / pigs,2023,2023,An,196140,A,Official figure,
QCL,Crops and livestock products,090,Solomon Islands,5111,Stocks,02111,Cattle,2023,2023,An,15439,I,Imputed value,
QCL,Crops and livestock products,090,Solomon Islands,5111,Stocks,02140,Swine / pigs,2023,2023,An,55674,I,Imputed value,
QCL,Crops and livestock products,706,Somalia,5111,Stocks,02121.01,Camels,2023,2023,An,7541593,I,Imputed value,
QCL,Crops and livestock products,706,Somalia,5111,Stocks,02111,Cattle,2023,2023,An,4543613,I,Imputed value,
QCL,Crops and livestock products,706,Somalia,5111,Stocks,02123,Goats,2023,2023,An,11462373,I,Imputed value,
QCL,Crops and livestock products,706,Somalia,5111,Stocks,02122,Sheep,2023,2023,An,10333790,I,Imputed value,
QCL,Crops and livestock products,706,Somalia,5111,Stocks,02140,Swine / pigs,2023,2023,An,3771,I,Imputed value,
QCL,Crops and livestock products,710,South Africa,5111,Stocks,02111,Cattle,2023,2023,An,12198082,A,Official figure,
QCL,Crops and livestock products,710,South Africa,5111,Stocks,02123,Goats,2023,2023,An,5125311,A,Official figure,
QCL,Crops and livestock products,710,South Africa,5111,Stocks,02122,Sheep,2023,2023,An,21425621,A,Official figure,
QCL,Crops and livestock products,710,South Africa,5111,Stocks,02140,Swine / pigs,2023,2023,An,1321219,A,Official figure,
QCL,Crops and livestock products,728,South Sudan,5111,Stocks,02121.01,Camels,2023,2023,An,,M,"Missing value (data cannot exist, not applicable)",
QCL,Crops and livestock products,728,South Sudan,5111,Stocks,02111,Cattle,2023,2023,An,14134538,I,Imputed value,
QCL,Crops and livestock products,728,South Sudan,5111,Stocks,02123,Goats,2023,2023,An,16149177,E,Estimated value,
QCL,Crops and livestock products,728,South Sudan,5111,Stocks,02122,Sheep,2023,2023,An,14505214,E,Estimated value,
QCL,Crops and livestock products,724,Spain,5111,Stocks,02112,Buffalo,2023,2023,An,870,A,Official figure,
QCL,Crops and livestock products,724,Spain,5111,Stocks,02111,Cattle,2023,2023,An,6294640,A,Official figure,
QCL,Crops and livestock products,724,Spain,5111,Stocks,02123,Goats,2023,2023,An,2293470,A,Official figure,
QCL,Crops and livestock products,724,Spain,5111,Stocks,02122,Sheep,2023,2023,An,13596560,A,Official figure,
QCL,Crops and livestock products,724,Spain,5111,Stocks,02140,Swine / pigs,2023,2023,An,33803040,A,Official figure,
QCL,Crops and livestock products,144,Sri Lanka,5111,Stocks,02112,Buffalo,2023,2023,An,327010,A,Official figure,
QCL,Crops and livestock products,144,Sri Lanka,5111,Stocks,02111,Cattle,2023,2023,An,1122370,A,Official figure,
QCL,Crops and livestock products,144,Sri Lanka,5111,Stocks,02123,Goats,2023,2023,An,350550,A,Official figure,
QCL,Crops and livestock products,144,Sri Lanka,5111,Stocks,02122,Sheep,2023,2023,An,12880,A,Official figure,
QCL,Crops and livestock products,144,Sri Lanka,5111,Stocks,02140,Swine / pigs,2023,2023,An,101970,A,Official figure,
QCL,Crops and livestock products,729,Sudan,5111,Stocks,02121.01,Camels,2023,2023,An,4770095,I,Imputed value,
QCL,Crops and livestock products,729,Sudan,5111,Stocks,02111,Cattle,2023,2023,An,30704926,I,Imputed value,
QCL,Crops and livestock products,729,Sudan,5111,Stocks,02123,Goats,2023,2023,An,31416151,I,Imputed value,
QCL,Crops and livestock products,729,Sudan,5111,Stocks,02122,Sheep,2023,2023,An,39985834,I,Imputed value,
QCL,Crops and livestock products,740,Suriname,5111,Stocks,02112,Buffalo,2023,2023,An,1023,I,Imputed value,
QCL,Crops and livestock products,740,Suriname,5111,Stocks,02111,Cattle,2023,2023,An,31933,I,Imputed value,
QCL,Crops and livestock products,740,Suriname,5111,Stocks,02123,Goats,2023,2023,An,4112,E,Estimated value,
QCL,Crops and livestock products,740,Suriname,5111,Stocks,02122,Sheep,2023,2023,An,6280,E,Estimated value,
QCL,Crops and livestock products,740,Suriname,5111,Stocks,02140,Swine / pigs,2023,2023,An,33488,I,Imputed value,
QCL,Crops and livestock products,752,Sweden,5111,Stocks,02111,Cattle,2023,2023,An,1369000,A,Official figure,
QCL,Crops and livestock products,752,Sweden,5111,Stocks,02122,Sheep,2023,2023,An,338550,A,Official figure,
QCL,Crops and livestock products,752,Sweden,5111,Stocks,02140,Swine / pigs,2023,2023,An,1326440,A,Official figure,
QCL,Crops and livestock products,756,Switzerland,5111,Stocks,02111,Cattle,2023,2023,An,1528595,A,Official figure,
QCL,Crops and livestock products,756,Switzerland,5111,Stocks,02123,Goats,2023,2023,An,81256,A,Official figure,
QCL,Crops and livestock products,756,Switzerland,5111,Stocks,02122,Sheep,2023,2023,An,362375,A,Official figure,
QCL,Crops and livestock products,756,Switzerland,5111,Stocks,02140,Swine / pigs,2023,2023,An,1324415,A,Official figure,
QCL,Crops and livestock products,760,Syrian Arab Republic,5111,Stocks,02112,Buffalo,2023,2023,An,6502,A,Official figure,
QCL,Crops and livestock products,760,Syrian Arab Republic,5111,Stocks,02121.01,Camels,2023,2023,An,33510,A,Official figure,
QCL,Crops and livestock products,760,Syrian Arab Republic,5111,Stocks,02111,Cattle,2023,2023,An,841437,A,Official figure,
QCL,Crops and livestock products,760,Syrian Arab Republic,5111,Stocks,02123,Goats,2023,2023,An,2192379,A,Official figure,
QCL,Crops and livestock products,760,Syrian Arab Republic,5111,Stocks,02122,Sheep,2023,2023,An,18569178,A,Official figure,
QCL,Crops and livestock products,760,Syrian Arab Republic,5111,Stocks,02140,Swine / pigs,2023,2023,An,10,E,Estimated value,
QCL,Crops and livestock products,762,Tajikistan,5111,Stocks,02112,Buffalo,2023,2023,An,15675,I,Imputed value,
QCL,Crops and livestock products,762,Tajikistan,5111,Stocks,02121.01,Camels,2023,2023,An,60,I,Imputed value,
QCL,Crops and livestock products,762,Tajikistan,5111,Stocks,02111,Cattle,2023,2023,An,2605000,X,Figure from international organizations,Unofficial figure
QCL,Crops and livestock products,762,Tajikistan,5111,Stocks,02123,Goats,2023,2023,An,2098547,I,Imputed value,
QCL,Crops and livestock products,762,Tajikistan,5111,Stocks,02122,Sheep,2023,2023,An,3783512,E,Estimated value,
QCL,Crops and livestock products,762,Tajikistan,5111,Stocks,02140,Swine / pigs,2023,2023,An,285,I,Imputed value,
QCL,Crops and livestock products,764,Thailand,5111,Stocks,02112,Buffalo,2023,2023,An,889775,E,Estimated value,
QCL,Crops and livestock products,764,Thailand,5111,Stocks,02111,Cattle,2023,2023,An,4630798,E,Estimated value,
QCL,Crops and livestock products,764,Thailand,5111,Stocks,02123,Goats,2023,2023,An,483417,E,Estimated value,
QCL,Crops and livestock products,764,Thailand,5111,Stocks,02122,Sheep,2023,2023,An,38442,E,Estimated value,
QCL,Crops and livestock products,764,Thailand,5111,Stocks,02140,Swine / pigs,2023,2023,An,7721375,I,Imputed value,
QCL,Crops and livestock products,626,Timor-Leste,5111,Stocks,02112,Buffalo,2023,2023,An,135124,I,Imputed value,
QCL,Crops and livestock products,626,Timor-Leste,5111,Stocks,02111,Cattle,2023,2023,An,241365,E,Estimated value,
QCL,Crops and livestock products,626,Timor-Leste,5111,Stocks,02123,Goats,2023,2023,An,170393,I,Imputed value,
QCL,Crops and livestock products,626,Timor-Leste,5111,Stocks,02122,Sheep,2023,2023,An,20304,I,Imputed value,
QCL,Crops and livestock products,626,Timor-Leste,5111,Stocks,02140,Swine / pigs,2023,2023,An,384517,I,Imputed value,
QCL,Crops and livestock products,768,Togo,5111,Stocks,02111,Cattle,2023,2023,An,468958,E,Estimated value,
QCL,Crops and livestock products,768,Togo,5111,Stocks,02123,Goats,2023,2023,An,5850910,I,Imputed value,
QCL,Crops and livestock products,768,Togo,5111,Stocks,02122,Sheep,2023,2023,An,2082011,I,Imputed value,
QCL,Crops and livestock products,768,Togo,5111,Stocks,02140,Swine / pigs,2023,2023,An,1173597,I,Imputed value,
QCL,Crops and livestock products,772,Tokelau,5111,Stocks,02140,Swine / pigs,2023,2023,An,2328,I,Imputed value,
QCL,Crops and livestock products,776,Tonga,5111,Stocks,02111,Cattle,2023,2023,An,12170,I,Imputed value,
QCL,Crops and livestock products,776,Tonga,5111,Stocks,02123,Goats,2023,2023,An,14808,E,Estimated value,
QCL,Crops and livestock products,776,Tonga,5111,Stocks,02140,Swine / pigs,2023,2023,An,84064,I,Imputed value,
QCL,Crops and livestock products,780,Trinidad and Tobago,5111,Stocks,02112,Buffalo,2023,2023,An,6509,I,Imputed value,
QCL,Crops and livestock products,780,Trinidad and Tobago,5111,Stocks,02111,Cattle,2023,2023,An,36003,I,Imputed value,
QCL,Crops and livestock products,780,Trinidad and Tobago,5111,Stocks,02123,Goats,2023,2023,An,13496,A,Official figure,
QCL,Crops and livestock products,780,Trinidad and Tobago,5111,Stocks,02122,Sheep,2023,2023,An,17349,A,Official figure,
QCL,Crops and livestock products,780,Trinidad and Tobago,5111,Stocks,02140,Swine / pigs,2023,2023,An,28376,A,Official figure,
QCL,Crops and livestock products,788,Tunisia,5111,Stocks,02121.01,Camels,2023,2023,An,239042,I,Imputed value,
QCL,Crops and livestock products,788,Tunisia,5111,Stocks,02111,Cattle,2023,2023,An,583828,E,Estimated value,
QCL,Crops and livestock products,788,Tunisia,5111,Stocks,02123,Goats,2023,2023,An,1151380,I,Imputed value,
QCL,Crops and livestock products,788,Tunisia,5111,Stocks,02122,Sheep,2023,2023,An,6236386,E,Estimated value,
QCL,Crops and livestock products,788,Tunisia,5111,Stocks,02140,Swine / pigs,2023,2023,An,5402,I,Imputed value,
QCL,Crops and livestock products,792,Türkiye,5111,Stocks,02112,Buffalo,2023,2023,An,161749,A,Official figure,
QCL,Crops and livestock products,792,Türkiye,5111,Stocks,02121.01,Camels,2023,2023,An,1197,A,Official figure,
QCL,Crops and livestock products,792,Türkiye,5111,Stocks,02111,Cattle,2023,2023,An,16421256,A,Official figure,
QCL,Crops and livestock products,792,Türkiye,5111,Stocks,02123,Goats,2023,2023,An,10302940,A,Official figure,
QCL,Crops and livestock products,792,Türkiye,5111,Stocks,02122,Sheep,2023,2023,An,42060470,A,Official figure,
QCL,Crops and livestock products,792,Türkiye,5111,Stocks,02140,Swine / pigs,2023,2023,An,1673,A,Official figure,
QCL,Crops and livestock products,795,Turkmenistan,5111,Stocks,02121.01,Camels,2023,2023,An,142558,A,Official figure,
QCL,Crops and livestock products,795,Turkmenistan,5111,Stocks,02111,Cattle,2023,2023,An,2541931,A,Official figure,
QCL,Crops and livestock products,795,Turkmenistan,5111,Stocks,02123,Goats,2023,2023,An,4883012,A,Official figure,
QCL,Crops and livestock products,795,Turkmenistan,5111,Stocks,02122,Sheep,2023,2023,An,14122637,A,Official figure,
QCL,Crops and livestock products,795,Turkmenistan,5111,Stocks,02140,Swine / pigs,2023,2023,An,7958,A,Official figure,
QCL,Crops and livestock products,798,Tuvalu,5111,Stocks,02123,Goats,2023,2023,An,,M,"Missing value (data cannot exist, not applicable)",
QCL,Crops and livestock products,798,Tuvalu,5111,Stocks,02140,Swine / pigs,2023,2023,An,14742,I,Imputed value,
QCL,Crops and livestock products,800,Uganda,5111,Stocks,02111,Cattle,2023,2023,An,15235785,I,Imputed value,
QCL,Crops and livestock products,800,Uganda,5111,Stocks,02123,Goats,2023,2023,An,17518333,E,Estimated value,
QCL,Crops and livestock products,800,Uganda,5111,Stocks,02122,Sheep,2023,2023,An,4992372,I,Imputed value,
QCL,Crops and livestock products,800,Uganda,5111,Stocks,02140,Swine / pigs,2023,2023,An,4792947,I,Imputed value,
QCL,Crops and livestock products,804,Ukraine,5111,Stocks,02121.01,Camels,2023,2023,An,868,I,Imputed value,
QCL,Crops and livestock products,804,Ukraine,5111,Stocks,02111,Cattle,2023,2023,An,2307000,A,Official figure,
QCL,Crops and livestock products,804,Ukraine,5111,Stocks,02123,Goats,2023,2023,An,422800,A,Official figure,
QCL,Crops and livestock products,804,Ukraine,5111,Stocks,02122,Sheep,2023,2023,An,518600,A,Official figure,
QCL,Crops and livestock products,804,Ukraine,5111,Stocks,02140,Swine / pigs,2023,2023,An,4948300,A,Official figure,
QCL,Crops and livestock products,784,United Arab Emirates,5111,Stocks,02121.01,Camels,2023,2023,An,579600,I,Imputed value,
QCL,Crops and livestock products,784,United Arab Emirates,5111,Stocks,02111,Cattle,2023,2023,An,109907,I,Imputed value,
QCL,Crops and livestock products,784,United Arab Emirates,5111,Stocks,02123,Goats,2023,2023,An,2309766,E,Estimated value,
QCL,Crops and livestock products,784,United Arab Emirates,5111,Stocks,02122,Sheep,2023,2023,An,2063668,E,Estimated value,
QCL,Crops and livestock products,826,United Kingdom of Great Britain and Northern Ireland,5111,Stocks,02111,Cattle,2023,2023,An,9555426,A,Official figure,
QCL,Crops and livestock products,826,United Kingdom of Great Britain and Northern Ireland,5111,Stocks,02123,Goats,2023,2023,An,111000,A,Official figure,
QCL,Crops and livestock products,826,United Kingdom of Great Britain and Northern Ireland,5111,Stocks,02122,Sheep,2023,2023,An,31802536,A,Official figure,
QCL,Crops and livestock products,826,United Kingdom of Great Britain and Northern Ireland,5111,Stocks,02140,Swine / pigs,2023,2023,An,4683319,A,Official figure,
QCL,Crops and livestock products,834,United Republic of Tanzania,5111,Stocks,02111,Cattle,2023,2023,An,37913129,A,Official figure,
QCL,Crops and livestock products,834,United Republic of Tanzania,5111,Stocks,02123,Goats,2023,2023,An,27586547,A,Official figure,
QCL,Crops and livestock products,834,United Republic of Tanzania,5111,Stocks,02122,Sheep,2023,2023,An,9373407,A,Official figure,
QCL,Crops and livestock products,834,United Republic of Tanzania,5111,Stocks,02140,Swine / pigs,2023,2023,An,533784,I,Imputed value,
QCL,Crops and livestock products,840,United States of America,5111,Stocks,02111,Cattle,2023,2023,An,88841000,A,Official figure,
QCL,Crops and livestock products,840,United States of America,5111,Stocks,02123,Goats,2023,2023,An,2527000,A,Official figure,
QCL,Crops and livestock products,840,United States of America,5111,Stocks,02122,Sheep,2023,2023,An,5130000,A,Official figure,
QCL,Crops and livestock products,840,United States of America,5111,Stocks,02140,Swine / pigs,2023,2023,An,75816300,A,Official figure,
QCL,Crops and livestock products,858,Uruguay,5111,Stocks,02111,Cattle,2023,2023,An,11877000,A,Official figure,
QCL,Crops and livestock products,858,Uruguay,5111,Stocks,02123,Goats,2023,2023,An,18466,I,Imputed value,
QCL,Crops and livestock products,858,Uruguay,5111,Stocks,02122,Sheep,2023,2023,An,5927000,A,Official figure,
QCL,Crops and livestock products,858,Uruguay,5111,Stocks,02140,Swine / pigs,2023,2023,An,153000,A,Official figure,
QCL,Crops and livestock products,860,Uzbekistan,5111,Stocks,02121.01,Camels,2023,2023,An,18427,A,Official figure,
QCL,Crops and livestock products,860,Uzbekistan,5111,Stocks,02111,Cattle,2023,2023,An,14142239,A,Official figure,
QCL,Crops and livestock products,860,Uzbekistan,5111,Stocks,02123,Goats,2023,2023,An,3584300,A,Official figure,
QCL,Crops and livestock products,860,Uzbekistan,5111,Stocks,02122,Sheep,2023,2023,An,20533600,A,Official figure,
QCL,Crops and livestock products,860,Uzbekistan,5111,Stocks,02140,Swine / pigs,2023,2023,An,40299,A,Official figure,
QCL,Crops and livestock products,548,Vanuatu,5111,Stocks,02111,Cattle,2023,2023,An,91644,I,Imputed value,
QCL,Crops and livestock products,548,Vanuatu,5111,Stocks,02123,Goats,2023,2023,An,5133,I,Imputed value,
QCL,Crops and livestock products,548,Vanuatu,5111,Stocks,02122,Sheep,2023,2023,An,1260,E,Estimated value,
QCL,Crops and livestock products,548,Vanuatu,5111,Stocks,02140,Swine / pigs,2023,2023,An,78480,I,Imputed value,
QCL,Crops and livestock products,862,Venezuela (Bolivarian Republic of),5111,Stocks,02111,Cattle,2023,2023,An,16526784,I,Imputed value,
QCL,Crops and livestock products,862,Venezuela (Bolivarian Republic of),5111,Stocks,02123,Goats,2023,2023,An,1196167,I,Imputed value,
QCL,Crops and livestock products,862,Venezuela (Bolivarian Republic of),5111,Stocks,02122,Sheep,2023,2023,An,620111,E,Estimated value,
QCL,Crops and livestock products,862,Venezuela (Bolivarian Republic of),5111,Stocks,02140,Swine / pigs,2023,2023,An,3047569,I,Imputed value,
QCL,Crops and livestock products,704,Viet Nam,5111,Stocks,02112,Buffalo,2023,2023,An,2136009,A,Official figure,
QCL,Crops and livestock products,704,Viet Nam,5111,Stocks,02111,Cattle,2023,2023,An,6331895,A,Official figure,
QCL,Crops and livestock products,704,Viet Nam,5111,Stocks,02123,Goats,2023,2023,An,3088328,I,Imputed value,
QCL,Crops and livestock products,704,Viet Nam,5111,Stocks,02140,Swine / pigs,2023,2023,An,25546030,A,Official figure,
QCL,Crops and livestock products,887,Yemen,5111,Stocks,02121.01,Camels,2023,2023,An,459437,I,Imputed value,
QCL,Crops and livestock products,887,Yemen,5111,Stocks,02111,Cattle,2023,2023,An,1877413,I,Imputed value,
QCL,Crops and livestock products,887,Yemen,5111,Stocks,02123,Goats,2023,2023,An,9984795,I,Imputed value,
QCL,Crops and livestock products,887,Yemen,5111,Stocks,02122,Sheep,2023,2023,An,10344548,I,Imputed value,
QCL,Crops and livestock products,894,Zambia,5111,Stocks,02111,Cattle,2023,2023,An,4589016,I,Imputed value,
QCL,Crops and livestock products,894,Zambia,5111,Stocks,02123,Goats,2023,2023,An,4661702,I,Imputed value,
QCL,Crops and livestock products,894,Zambia,5111,Stocks,02122,Sheep,2023,2023,An,243082,I,Imputed value,
QCL,Crops and livestock products,894,Zambia,5111,Stocks,02140,Swine / pigs,2023,2023,An,1194741,I,Imputed value,
QCL,Crops and livestock products,716,Zimbabwe,5111,Stocks,02111,Cattle,2023,2023,An,5754985,A,Official figure,
QCL,Crops and livestock products,716,Zimbabwe,5111,Stocks,02123,Goats,2023,2023,An,6464047,A,Official figure,
QCL,Crops and livestock products,716,Zimbabwe,5111,Stocks,02122,Sheep,2023,2023,An,512758,A,Official figure,
QCL,Crops and livestock products,716,Zimbabwe,5111,Stocks,02140,Swine / pigs,2023,2023,An,362906,A,Official figure,
